,rental_id,rental_date,inventory_id,customer_id,return_date,staff_id,last_update
0,1,2005-05-24 22:53:30,367,130,2005-05-26 22:04:30,1,2006-02-15 21:30:53
1,2,2005-05-24 22:54:33,0,459,2005-05-28 19:40:33,1,2006-02-15 21:30:53
2,3,2005-05-24 23:03:39,0,408,2005-06-01 22:12:39,1,2006-02-15 21:30:53
3,4,2005-05-24 23:04:41,0,333,2005-06-03 01:43:41,2,2006-02-15 21:30:53
4,5,2005-05-24 23:05:21,0,222,2005-06-02 04:33:21,1,2006-02-15 21:30:53
5,6,2005-05-24 23:08:07,0,549,2005-05-27 01:32:07,1,2006-02-15 21:30:53
6,7,2005-05-24 23:11:53,0,269,2005-05-29 20:34:53,2,2006-02-15 21:30:53
7,8,2005-05-24 23:31:46,0,239,2005-05-27 23:33:46,2,2006-02-15 21:30:53
8,9,2005-05-25 00:00:40,0,126,2005-05-28 00:22:40,1,2006-02-15 21:30:53
9,10,2005-05-25 00:02:21,0,399,2005-05-31 22:44:21,2,2006-02-15 21:30:53
10,11,2005-05-25 00:09:02,0,142,2005-06-02 20:56:02,2,2006-02-15 21:30:53
11,12,2005-05-25 00:19:27,0,261,2005-05-30 05:44:27,2,2006-02-15 21:30:53
12,13,2005-05-25 00:22:55,0,334,2005-05-30 04:28:55,1,2006-02-15 21:30:53
13,14,2005-05-25 00:31:15,0,446,2005-05-26 02:56:15,1,2006-02-15 21:30:53
14,15,2005-05-25 00:39:22,0,319,2005-06-03 03:30:22,1,2006-02-15 21:30:53
15,16,2005-05-25 00:43:11,389,316,2005-05-26 04:42:11,2,2006-02-15 21:30:53
16,17,2005-05-25 01:06:36,830,575,2005-05-27 00:43:36,1,2006-02-15 21:30:53
17,18,2005-05-25 01:10:47,0,19,2005-05-31 06:35:47,2,2006-02-15 21:30:53
18,19,2005-05-25 01:17:24,0,456,2005-05-31 06:00:24,1,2006-02-15 21:30:53
19,20,2005-05-25 01:48:41,0,185,2005-05-27 02:20:41,2,2006-02-15 21:30:53
20,21,2005-05-25 01:59:46,146,388,2005-05-26 01:01:46,2,2006-02-15 21:30:53
21,22,2005-05-25 02:19:23,727,509,2005-05-26 04:52:23,2,2006-02-15 21:30:53
22,23,2005-05-25 02:40:21,0,438,2005-05-29 06:34:21,1,2006-02-15 21:30:53
23,24,2005-05-25 02:53:02,0,350,2005-05-27 01:15:02,1,2006-02-15 21:30:53
24,25,2005-05-25 03:21:20,0,37,2005-05-27 21:25:20,2,2006-02-15 21:30:53
25,26,2005-05-25 03:36:50,0,371,2005-05-31 00:34:50,1,2006-02-15 21:30:53
26,27,2005-05-25 03:41:50,0,301,2005-05-30 01:13:50,2,2006-02-15 21:30:53
27,28,2005-05-25 03:42:37,0,232,2005-05-26 09:26:37,2,2006-02-15 21:30:53
28,29,2005-05-25 03:47:12,611,44,2005-05-30 00:31:12,2,2006-02-15 21:30:53
29,30,2005-05-25 04:01:32,0,430,2005-05-30 03:12:32,1,2006-02-15 21:30:53
30,31,2005-05-25 04:05:17,0,369,2005-05-30 07:15:17,1,2006-02-15 21:30:53
31,32,2005-05-25 04:06:21,0,230,2005-05-25 23:55:21,1,2006-02-15 21:30:53
32,33,2005-05-25 04:18:51,0,272,2005-05-27 03:58:51,1,2006-02-15 21:30:53
33,34,2005-05-25 04:19:28,0,597,2005-05-29 00:10:28,2,2006-02-15 21:30:53
34,35,2005-05-25 04:24:36,0,484,2005-05-27 07:02:36,2,2006-02-15 21:30:53
35,36,2005-05-25 04:36:26,0,88,2005-05-29 00:31:26,1,2006-02-15 21:30:53
36,37,2005-05-25 04:44:31,403,535,2005-05-29 01:03:31,1,2006-02-15 21:30:53
37,38,2005-05-25 04:47:44,0,302,2005-06-01 00:58:44,1,2006-02-15 21:30:53
38,39,2005-05-25 04:51:46,0,207,2005-05-31 03:14:46,2,2006-02-15 21:30:53
39,40,2005-05-25 05:09:04,0,413,2005-05-27 23:12:04,1,2006-02-15 21:30:53
40,41,2005-05-25 05:12:29,0,174,2005-06-02 00:28:29,1,2006-02-15 21:30:53
41,42,2005-05-25 05:24:58,380,523,2005-05-31 02:47:58,2,2006-02-15 21:30:53
42,43,2005-05-25 05:39:25,0,532,2005-05-26 06:54:25,2,2006-02-15 21:30:53
43,44,2005-05-25 05:53:23,0,207,2005-05-29 10:56:23,2,2006-02-15 21:30:53
44,45,2005-05-25 05:59:39,0,436,2005-06-02 09:56:39,2,2006-02-15 21:30:53
45,46,2005-05-25 06:04:08,0,7,2005-06-02 08:18:08,2,2006-02-15 21:30:53
46,47,2005-05-25 06:05:20,0,35,2005-05-30 03:04:20,1,2006-02-15 21:30:53
47,48,2005-05-25 06:20:46,0,282,2005-06-02 05:42:46,1,2006-02-15 21:30:53
48,49,2005-05-25 06:39:35,0,498,2005-05-30 10:12:35,2,2006-02-15 21:30:53
49,50,2005-05-25 06:44:53,0,18,2005-05-28 11:28:53,2,2006-02-15 21:30:53
50,51,2005-05-25 06:49:10,0,256,2005-05-26 06:42:10,1,2006-02-15 21:30:53
51,52,2005-05-25 06:51:29,0,507,2005-05-31 01:27:29,2,2006-02-15 21:30:53
52,53,2005-05-25 07:19:16,0,569,2005-05-27 05:19:16,2,2006-02-15 21:30:53
53,54,2005-05-25 07:23:25,0,291,2005-06-01 05:05:25,2,2006-02-15 21:30:53
54,55,2005-05-25 08:26:13,0,131,2005-05-30 10:57:13,1,2006-02-15 21:30:53
55,56,2005-05-25 08:28:11,0,511,2005-05-26 14:21:11,1,2006-02-15 21:30:53
56,57,2005-05-25 08:43:32,0,6,2005-05-29 06:42:32,2,2006-02-15 21:30:53
57,58,2005-05-25 08:53:14,0,323,2005-05-28 14:40:14,1,2006-02-15 21:30:53
58,59,2005-05-25 08:56:42,0,408,2005-06-01 09:52:42,1,2006-02-15 21:30:53
59,60,2005-05-25 08:58:25,330,470,2005-05-30 14:14:25,1,2006-02-15 21:30:53
60,61,2005-05-25 09:01:57,0,250,2005-06-02 07:22:57,2,2006-02-15 21:30:53
61,62,2005-05-25 09:18:52,261,419,2005-05-30 10:55:52,1,2006-02-15 21:30:53
62,63,2005-05-25 09:19:16,0,383,2005-05-27 04:24:16,1,2006-02-15 21:30:53
63,64,2005-05-25 09:21:29,79,368,2005-06-03 11:31:29,1,2006-02-15 21:30:53
64,65,2005-05-25 09:32:03,0,346,2005-05-29 14:21:03,1,2006-02-15 21:30:53
65,66,2005-05-25 09:35:12,0,86,2005-05-29 04:16:12,2,2006-02-15 21:30:53
66,67,2005-05-25 09:41:01,239,119,2005-05-27 13:46:01,2,2006-02-15 21:30:53
67,68,2005-05-25 09:47:31,0,120,2005-05-31 10:20:31,2,2006-02-15 21:30:53
68,69,2005-05-25 10:10:14,0,305,2005-05-27 14:02:14,2,2006-02-15 21:30:53
69,70,2005-05-25 10:15:23,0,73,2005-05-27 05:56:23,2,2006-02-15 21:30:53
70,71,2005-05-25 10:26:39,0,100,2005-05-28 04:59:39,1,2006-02-15 21:30:53
71,72,2005-05-25 10:52:13,0,48,2005-05-28 05:52:13,2,2006-02-15 21:30:53
72,73,2005-05-25 11:00:07,517,391,2005-06-01 13:56:07,2,2006-02-15 21:30:53
73,74,2005-05-25 11:09:48,0,265,2005-05-26 12:23:48,2,2006-02-15 21:30:53
74,75,2005-05-25 11:13:34,0,510,2005-06-03 12:58:34,1,2006-02-15 21:30:53
75,76,2005-05-25 11:30:37,0,1,2005-06-03 12:00:37,2,2006-02-15 21:30:53
76,77,2005-05-25 11:31:59,0,451,2005-05-26 16:53:59,2,2006-02-15 21:30:53
77,78,2005-05-25 11:35:18,0,135,2005-05-31 12:48:18,2,2006-02-15 21:30:53
78,79,2005-05-25 12:11:07,0,245,2005-06-03 10:54:07,2,2006-02-15 21:30:53
79,80,2005-05-25 12:12:07,0,314,2005-05-31 17:46:07,2,2006-02-15 21:30:53
80,81,2005-05-25 12:15:19,0,286,2005-06-02 14:08:19,2,2006-02-15 21:30:53
81,82,2005-05-25 12:17:46,0,427,2005-06-01 10:48:46,1,2006-02-15 21:30:53
82,83,2005-05-25 12:30:15,466,131,2005-05-27 15:40:15,1,2006-02-15 21:30:53
83,84,2005-05-25 12:36:30,0,492,2005-05-29 18:33:30,1,2006-02-15 21:30:53
84,85,2005-05-25 13:05:34,470,414,2005-05-29 16:53:34,1,2006-02-15 21:30:53
85,86,2005-05-25 13:36:12,0,266,2005-05-30 14:53:12,1,2006-02-15 21:30:53
86,87,2005-05-25 13:52:43,0,331,2005-05-29 11:12:43,2,2006-02-15 21:30:53
87,88,2005-05-25 14:13:54,0,53,2005-05-29 09:32:54,2,2006-02-15 21:30:53
88,89,2005-05-25 14:28:29,0,499,2005-05-29 14:33:29,1,2006-02-15 21:30:53
89,90,2005-05-25 14:31:25,0,25,2005-06-01 10:07:25,1,2006-02-15 21:30:53
90,91,2005-05-25 14:57:22,139,267,2005-06-01 18:32:22,1,2006-02-15 21:30:53
91,92,2005-05-25 15:38:46,775,302,2005-05-31 13:40:46,2,2006-02-15 21:30:53
92,93,2005-05-25 15:54:16,0,288,2005-06-03 20:18:16,1,2006-02-15 21:30:53
93,94,2005-05-25 16:03:42,0,197,2005-05-30 14:23:42,1,2006-02-15 21:30:53
94,95,2005-05-25 16:12:52,178,400,2005-06-02 18:55:52,2,2006-02-15 21:30:53
95,96,2005-05-25 16:32:19,0,49,2005-05-30 10:47:19,2,2006-02-15 21:30:53
96,97,2005-05-25 16:34:24,0,263,2005-05-28 12:13:24,2,2006-02-15 21:30:53
97,98,2005-05-25 16:48:24,0,269,2005-05-27 11:29:24,2,2006-02-15 21:30:53
98,99,2005-05-25 16:50:20,535,44,2005-05-28 18:52:20,1,2006-02-15 21:30:53
99,100,2005-05-25 16:50:28,0,208,2005-06-02 22:11:28,1,2006-02-15 21:30:53
100,101,2005-05-25 17:17:04,617,468,2005-05-31 19:47:04,1,2006-02-15 21:30:53
101,102,2005-05-25 17:22:10,373,343,2005-05-31 19:47:10,1,2006-02-15 21:30:53
102,103,2005-05-25 17:30:42,0,384,2005-06-03 22:36:42,1,2006-02-15 21:30:53
103,104,2005-05-25 17:46:33,0,310,2005-05-27 15:20:33,1,2006-02-15 21:30:53
104,105,2005-05-25 17:54:12,794,108,2005-05-30 12:03:12,2,2006-02-15 21:30:53
105,106,2005-05-25 18:18:19,0,196,2005-06-04 00:01:19,2,2006-02-15 21:30:53
106,107,2005-05-25 18:28:09,0,317,2005-06-03 22:46:09,2,2006-02-15 21:30:53
107,108,2005-05-25 18:30:05,0,242,2005-05-30 19:40:05,1,2006-02-15 21:30:53
108,109,2005-05-25 18:40:20,0,503,2005-05-29 20:39:20,2,2006-02-15 21:30:53
109,110,2005-05-25 18:43:49,0,19,2005-06-03 18:13:49,2,2006-02-15 21:30:53
110,111,2005-05-25 18:45:19,0,227,2005-05-28 17:18:19,1,2006-02-15 21:30:53
111,112,2005-05-25 18:57:24,0,500,2005-06-02 20:44:24,1,2006-02-15 21:30:53
112,113,2005-05-25 19:07:40,0,93,2005-05-27 22:16:40,2,2006-02-15 21:30:53
113,114,2005-05-25 19:12:42,0,506,2005-06-01 23:10:42,1,2006-02-15 21:30:53
114,115,2005-05-25 19:13:25,749,455,2005-05-29 20:17:25,1,2006-02-15 21:30:53
115,116,2005-05-25 19:27:51,0,18,2005-05-26 16:23:51,1,2006-02-15 21:30:53
116,117,2005-05-25 19:30:46,0,7,2005-05-31 23:59:46,2,2006-02-15 21:30:53
117,118,2005-05-25 19:31:18,872,524,2005-05-31 15:00:18,1,2006-02-15 21:30:53
118,119,2005-05-25 19:37:02,0,51,2005-05-29 23:51:02,2,2006-02-15 21:30:53
119,120,2005-05-25 19:37:47,37,365,2005-06-01 23:29:47,2,2006-02-15 21:30:53
120,121,2005-05-25 19:41:29,0,405,2005-05-29 21:31:29,1,2006-02-15 21:30:53
121,122,2005-05-25 19:46:21,0,273,2005-06-02 19:07:21,1,2006-02-15 21:30:53
122,123,2005-05-25 20:26:42,0,43,2005-05-26 19:41:42,1,2006-02-15 21:30:53
123,124,2005-05-25 20:46:11,212,246,2005-05-30 00:47:11,2,2006-02-15 21:30:53
124,125,2005-05-25 20:48:50,952,368,2005-06-02 21:39:50,1,2006-02-15 21:30:53
125,126,2005-05-25 21:07:59,0,439,2005-05-28 18:51:59,1,2006-02-15 21:30:53
126,127,2005-05-25 21:10:40,0,94,2005-06-02 21:38:40,1,2006-02-15 21:30:53
127,128,2005-05-25 21:19:53,0,40,2005-05-29 23:34:53,1,2006-02-15 21:30:53
128,129,2005-05-25 21:20:03,0,23,2005-06-04 01:25:03,2,2006-02-15 21:30:53
129,130,2005-05-25 21:21:56,0,56,2005-05-30 22:41:56,2,2006-02-15 21:30:53
130,131,2005-05-25 21:42:46,815,325,2005-05-30 23:25:46,2,2006-02-15 21:30:53
131,132,2005-05-25 21:46:54,0,479,2005-05-31 21:02:54,1,2006-02-15 21:30:53
132,133,2005-05-25 21:48:30,399,237,2005-05-30 00:26:30,2,2006-02-15 21:30:53
133,134,2005-05-25 21:48:41,0,222,2005-06-02 18:28:41,1,2006-02-15 21:30:53
134,135,2005-05-25 21:58:58,103,304,2005-06-03 17:50:58,1,2006-02-15 21:30:53
135,136,2005-05-25 22:02:30,0,504,2005-05-31 18:06:30,1,2006-02-15 21:30:53
136,137,2005-05-25 22:25:18,0,560,2005-06-01 02:30:18,2,2006-02-15 21:30:53
137,138,2005-05-25 22:48:22,0,586,2005-05-29 20:21:22,2,2006-02-15 21:30:53
138,139,2005-05-25 23:00:21,327,257,2005-05-29 17:12:21,1,2006-02-15 21:30:53
139,140,2005-05-25 23:34:22,655,354,2005-05-27 01:10:22,1,2006-02-15 21:30:53
140,141,2005-05-25 23:34:53,811,89,2005-06-02 01:57:53,1,2006-02-15 21:30:53
141,142,2005-05-25 23:43:47,0,472,2005-05-29 00:46:47,2,2006-02-15 21:30:53
142,143,2005-05-25 23:45:52,847,297,2005-05-27 21:41:52,2,2006-02-15 21:30:53
143,144,2005-05-25 23:49:56,0,357,2005-06-01 21:41:56,2,2006-02-15 21:30:53
144,145,2005-05-25 23:59:03,0,82,2005-05-31 02:56:03,1,2006-02-15 21:30:53
145,146,2005-05-26 00:07:11,0,433,2005-06-04 00:20:11,2,2006-02-15 21:30:53
146,147,2005-05-26 00:17:50,633,274,2005-05-29 23:21:50,2,2006-02-15 21:30:53
147,148,2005-05-26 00:25:23,0,142,2005-06-01 19:29:23,2,2006-02-15 21:30:53
148,149,2005-05-26 00:28:05,0,319,2005-06-02 21:30:05,2,2006-02-15 21:30:53
149,150,2005-05-26 00:28:39,909,429,2005-06-01 02:10:39,2,2006-02-15 21:30:53
150,151,2005-05-26 00:37:28,0,14,2005-05-30 06:28:28,1,2006-02-15 21:30:53
151,152,2005-05-26 00:41:10,0,57,2005-06-03 06:05:10,1,2006-02-15 21:30:53
152,153,2005-05-26 00:47:47,0,348,2005-05-27 21:28:47,1,2006-02-15 21:30:53
153,154,2005-05-26 00:55:56,0,185,2005-05-29 23:18:56,2,2006-02-15 21:30:53
154,155,2005-05-26 01:15:05,288,551,2005-06-01 00:03:05,1,2006-02-15 21:30:53
155,156,2005-05-26 01:19:05,0,462,2005-05-27 23:43:05,1,2006-02-15 21:30:53
156,157,2005-05-26 01:25:21,887,344,2005-05-26 21:17:21,2,2006-02-15 21:30:53
157,158,2005-05-26 01:27:11,0,354,2005-06-03 00:30:11,2,2006-02-15 21:30:53
158,159,2005-05-26 01:34:28,0,505,2005-05-29 04:00:28,1,2006-02-15 21:30:53
159,160,2005-05-26 01:46:20,0,290,2005-06-01 05:45:20,1,2006-02-15 21:30:53
160,161,2005-05-26 01:51:48,0,182,2005-05-27 05:42:48,1,2006-02-15 21:30:53
161,162,2005-05-26 02:02:05,0,296,2005-05-27 03:38:05,2,2006-02-15 21:30:53
162,163,2005-05-26 02:26:23,0,104,2005-06-04 06:36:23,1,2006-02-15 21:30:53
163,164,2005-05-26 02:26:49,0,151,2005-05-28 00:32:49,1,2006-02-15 21:30:53
164,165,2005-05-26 02:28:36,0,33,2005-06-02 03:21:36,1,2006-02-15 21:30:53
165,166,2005-05-26 02:49:11,0,322,2005-05-31 01:28:11,1,2006-02-15 21:30:53
166,167,2005-05-26 02:50:31,865,401,2005-05-27 03:07:31,1,2006-02-15 21:30:53
167,168,2005-05-26 03:07:43,0,469,2005-06-02 02:09:43,2,2006-02-15 21:30:53
168,169,2005-05-26 03:09:30,0,381,2005-05-27 01:37:30,2,2006-02-15 21:30:53
169,170,2005-05-26 03:11:12,0,107,2005-06-02 03:53:12,1,2006-02-15 21:30:53
170,171,2005-05-26 03:14:15,0,400,2005-06-03 00:24:15,2,2006-02-15 21:30:53
171,172,2005-05-26 03:17:42,0,176,2005-05-29 04:11:42,2,2006-02-15 21:30:53
172,173,2005-05-26 03:42:10,0,533,2005-05-28 01:37:10,2,2006-02-15 21:30:53
173,174,2005-05-26 03:44:10,0,552,2005-05-28 07:13:10,2,2006-02-15 21:30:53
174,175,2005-05-26 03:46:26,0,47,2005-06-03 06:01:26,2,2006-02-15 21:30:53
175,176,2005-05-26 03:47:39,851,250,2005-06-01 02:36:39,2,2006-02-15 21:30:53
176,177,2005-05-26 04:14:29,0,548,2005-06-01 08:16:29,2,2006-02-15 21:30:53
177,178,2005-05-26 04:21:46,0,196,2005-06-04 07:09:46,2,2006-02-15 21:30:53
178,179,2005-05-26 04:26:06,0,19,2005-06-03 10:06:06,1,2006-02-15 21:30:53
179,180,2005-05-26 04:46:23,0,75,2005-06-01 09:58:23,1,2006-02-15 21:30:53
180,181,2005-05-26 04:47:06,0,587,2005-05-29 06:34:06,2,2006-02-15 21:30:53
181,182,2005-05-26 04:49:17,0,237,2005-06-01 05:43:17,2,2006-02-15 21:30:53
182,183,2005-05-26 05:01:18,0,254,2005-06-01 09:04:18,1,2006-02-15 21:30:53
183,184,2005-05-26 05:29:49,0,556,2005-05-28 10:10:49,1,2006-02-15 21:30:53
184,185,2005-05-26 05:30:03,0,125,2005-06-02 09:48:03,2,2006-02-15 21:30:53
185,186,2005-05-26 05:32:52,0,468,2005-06-03 07:19:52,2,2006-02-15 21:30:53
186,187,2005-05-26 05:42:37,0,515,2005-06-04 00:38:37,1,2006-02-15 21:30:53
187,188,2005-05-26 05:47:12,0,243,2005-05-26 23:48:12,1,2006-02-15 21:30:53
188,189,2005-05-26 06:01:41,984,247,2005-05-27 06:11:41,1,2006-02-15 21:30:53
189,190,2005-05-26 06:11:28,0,533,2005-06-01 09:44:28,1,2006-02-15 21:30:53
190,191,2005-05-26 06:14:06,0,412,2005-05-28 05:33:06,1,2006-02-15 21:30:53
191,192,2005-05-26 06:20:37,0,437,2005-06-02 10:57:37,1,2006-02-15 21:30:53
192,193,2005-05-26 06:41:48,0,270,2005-05-30 06:21:48,2,2006-02-15 21:30:53
193,194,2005-05-26 06:52:33,0,29,2005-05-30 04:08:33,2,2006-02-15 21:30:53
194,195,2005-05-26 06:52:36,506,564,2005-05-31 02:47:36,2,2006-02-15 21:30:53
195,196,2005-05-26 06:55:58,190,184,2005-05-27 10:54:58,1,2006-02-15 21:30:53
196,197,2005-05-26 06:59:21,0,546,2005-06-03 05:04:21,2,2006-02-15 21:30:53
197,198,2005-05-26 07:03:49,0,54,2005-06-04 11:45:49,1,2006-02-15 21:30:53
198,199,2005-05-26 07:11:58,0,71,2005-05-28 09:06:58,1,2006-02-15 21:30:53
199,200,2005-05-26 07:12:21,0,321,2005-05-31 12:07:21,1,2006-02-15 21:30:53
200,201,2005-05-26 07:13:45,776,444,2005-06-04 02:02:45,2,2006-02-15 21:30:53
201,202,2005-05-26 07:27:36,674,20,2005-06-02 03:52:36,1,2006-02-15 21:30:53
202,203,2005-05-26 07:27:57,0,109,2005-06-03 12:52:57,1,2006-02-15 21:30:53
203,204,2005-05-26 07:30:37,0,528,2005-05-30 08:11:37,1,2006-02-15 21:30:53
204,205,2005-05-26 07:59:37,303,114,2005-05-29 09:43:37,2,2006-02-15 21:30:53
205,206,2005-05-26 08:01:54,0,345,2005-05-27 06:26:54,1,2006-02-15 21:30:53
206,207,2005-05-26 08:04:38,102,47,2005-05-27 09:32:38,2,2006-02-15 21:30:53
207,208,2005-05-26 08:10:22,0,274,2005-05-27 03:55:22,1,2006-02-15 21:30:53
208,209,2005-05-26 08:14:01,729,379,2005-05-27 09:00:01,1,2006-02-15 21:30:53
209,210,2005-05-26 08:14:15,0,391,2005-05-27 12:12:15,2,2006-02-15 21:30:53
210,211,2005-05-26 08:33:10,0,170,2005-05-28 14:09:10,1,2006-02-15 21:30:53
211,212,2005-05-26 08:34:41,764,59,2005-05-30 12:46:41,2,2006-02-15 21:30:53
212,213,2005-05-26 08:44:08,0,394,2005-05-31 12:33:08,2,2006-02-15 21:30:53
213,214,2005-05-26 08:48:49,0,98,2005-05-31 04:06:49,2,2006-02-15 21:30:53
214,215,2005-05-26 09:02:47,679,197,2005-05-28 09:45:47,2,2006-02-15 21:30:53
215,216,2005-05-26 09:17:43,0,91,2005-06-03 08:21:43,1,2006-02-15 21:30:53
216,217,2005-05-26 09:24:26,0,121,2005-05-31 03:24:26,2,2006-02-15 21:30:53
217,218,2005-05-26 09:27:09,0,309,2005-06-04 11:53:09,2,2006-02-15 21:30:53
218,219,2005-05-26 09:41:45,0,489,2005-05-28 04:40:45,1,2006-02-15 21:30:53
219,220,2005-05-26 10:06:49,0,542,2005-06-01 07:43:49,1,2006-02-15 21:30:53
220,221,2005-05-26 10:14:09,0,143,2005-05-29 05:57:09,1,2006-02-15 21:30:53
221,222,2005-05-26 10:14:38,0,83,2005-05-31 08:36:38,2,2006-02-15 21:30:53
222,223,2005-05-26 10:15:23,0,460,2005-05-30 11:43:23,1,2006-02-15 21:30:53
223,224,2005-05-26 10:18:27,0,318,2005-06-04 06:59:27,1,2006-02-15 21:30:53
224,225,2005-05-26 10:27:50,651,467,2005-06-01 07:01:50,2,2006-02-15 21:30:53
225,226,2005-05-26 10:44:04,0,221,2005-05-31 13:26:04,2,2006-02-15 21:30:53
226,227,2005-05-26 10:51:46,214,301,2005-05-30 07:24:46,1,2006-02-15 21:30:53
227,228,2005-05-26 10:54:28,511,571,2005-06-04 09:39:28,1,2006-02-15 21:30:53
228,229,2005-05-26 11:19:20,0,312,2005-05-31 11:56:20,2,2006-02-15 21:30:53
229,230,2005-05-26 11:31:50,0,58,2005-05-30 15:22:50,1,2006-02-15 21:30:53
230,231,2005-05-26 11:31:59,0,365,2005-05-27 07:27:59,1,2006-02-15 21:30:53
231,232,2005-05-26 11:38:05,0,256,2005-05-27 08:42:05,2,2006-02-15 21:30:53
232,233,2005-05-26 11:43:44,715,531,2005-05-28 17:28:44,2,2006-02-15 21:30:53
233,234,2005-05-26 11:47:20,0,566,2005-06-03 10:39:20,2,2006-02-15 21:30:53
234,235,2005-05-26 11:51:09,0,119,2005-06-04 09:36:09,1,2006-02-15 21:30:53
235,236,2005-05-26 11:53:49,0,446,2005-05-28 13:55:49,1,2006-02-15 21:30:53
236,237,2005-05-26 12:15:13,241,536,2005-05-29 18:10:13,1,2006-02-15 21:30:53
237,238,2005-05-26 12:30:22,503,211,2005-05-27 06:49:22,1,2006-02-15 21:30:53
238,239,2005-05-26 12:30:26,131,49,2005-06-01 13:26:26,2,2006-02-15 21:30:53
239,240,2005-05-26 12:40:23,0,103,2005-06-04 07:22:23,1,2006-02-15 21:30:53
240,241,2005-05-26 12:49:01,0,245,2005-05-28 11:43:01,2,2006-02-15 21:30:53
241,242,2005-05-26 13:05:08,0,214,2005-06-02 15:26:08,1,2006-02-15 21:30:53
242,243,2005-05-26 13:06:05,0,543,2005-06-03 17:28:05,2,2006-02-15 21:30:53
243,244,2005-05-26 13:40:40,0,257,2005-05-31 11:58:40,1,2006-02-15 21:30:53
244,245,2005-05-26 13:46:59,0,158,2005-05-27 09:58:59,2,2006-02-15 21:30:53
245,246,2005-05-26 13:57:07,0,240,2005-05-29 10:12:07,2,2006-02-15 21:30:53
246,247,2005-05-26 14:01:05,0,102,2005-05-28 13:38:05,2,2006-02-15 21:30:53
247,248,2005-05-26 14:07:58,0,545,2005-05-31 14:03:58,2,2006-02-15 21:30:53
248,249,2005-05-26 14:19:09,0,472,2005-05-28 17:47:09,2,2006-02-15 21:30:53
249,250,2005-05-26 14:30:24,368,539,2005-05-27 08:50:24,1,2006-02-15 21:30:53
250,251,2005-05-26 14:35:40,0,204,2005-05-29 17:17:40,1,2006-02-15 21:30:53
251,252,2005-05-26 14:39:53,0,187,2005-06-02 14:48:53,1,2006-02-15 21:30:53
252,253,2005-05-26 14:43:14,0,416,2005-05-27 12:21:14,1,2006-02-15 21:30:53
253,254,2005-05-26 14:43:48,0,390,2005-05-31 09:19:48,2,2006-02-15 21:30:53
254,255,2005-05-26 14:52:15,0,114,2005-05-27 12:45:15,1,2006-02-15 21:30:53
255,256,2005-05-26 15:20:58,0,436,2005-05-31 15:58:58,1,2006-02-15 21:30:53
256,257,2005-05-26 15:27:05,0,373,2005-05-29 16:25:05,2,2006-02-15 21:30:53
257,258,2005-05-26 15:28:14,0,502,2005-05-30 18:38:14,2,2006-02-15 21:30:53
258,259,2005-05-26 15:32:46,30,482,2005-06-04 15:27:46,2,2006-02-15 21:30:53
259,260,2005-05-26 15:42:20,435,21,2005-05-31 13:21:20,2,2006-02-15 21:30:53
260,261,2005-05-26 15:44:23,0,414,2005-06-02 09:47:23,2,2006-02-15 21:30:53
261,262,2005-05-26 15:46:56,0,236,2005-05-28 15:49:56,2,2006-02-15 21:30:53
262,263,2005-05-26 15:47:40,0,449,2005-05-30 10:07:40,2,2006-02-15 21:30:53
263,264,2005-05-26 16:00:49,0,251,2005-05-27 10:12:49,2,2006-02-15 21:30:53
264,265,2005-05-26 16:07:38,0,303,2005-06-01 14:20:38,1,2006-02-15 21:30:53
265,266,2005-05-26 16:08:05,0,263,2005-05-27 10:55:05,2,2006-02-15 21:30:53
266,267,2005-05-26 16:16:21,0,417,2005-05-30 16:53:21,2,2006-02-15 21:30:53
267,268,2005-05-26 16:19:08,0,75,2005-05-27 14:35:08,1,2006-02-15 21:30:53
268,269,2005-05-26 16:19:46,0,322,2005-05-27 15:59:46,2,2006-02-15 21:30:53
269,270,2005-05-26 16:20:56,207,200,2005-06-03 12:40:56,2,2006-02-15 21:30:53
270,271,2005-05-26 16:22:01,0,92,2005-06-03 17:30:01,2,2006-02-15 21:30:53
271,272,2005-05-26 16:27:11,971,71,2005-06-03 13:10:11,2,2006-02-15 21:30:53
272,273,2005-05-26 16:29:36,0,193,2005-05-29 18:49:36,2,2006-02-15 21:30:53
273,274,2005-05-26 16:48:51,656,311,2005-06-03 18:17:51,1,2006-02-15 21:30:53
274,275,2005-05-26 17:09:53,0,133,2005-06-04 22:35:53,1,2006-02-15 21:30:53
275,276,2005-05-26 17:16:07,0,58,2005-06-03 12:59:07,1,2006-02-15 21:30:53
276,277,2005-05-26 17:32:11,0,45,2005-05-28 22:54:11,1,2006-02-15 21:30:53
277,278,2005-05-26 17:40:58,182,214,2005-06-02 16:43:58,2,2006-02-15 21:30:53
278,279,2005-05-26 18:02:50,661,384,2005-06-03 18:48:50,2,2006-02-15 21:30:53
279,280,2005-05-26 18:36:58,0,167,2005-05-27 23:42:58,1,2006-02-15 21:30:53
280,281,2005-05-26 18:49:35,0,582,2005-05-27 18:11:35,2,2006-02-15 21:30:53
281,282,2005-05-26 18:56:26,0,282,2005-06-01 16:32:26,2,2006-02-15 21:30:53
282,283,2005-05-26 19:05:05,0,242,2005-05-31 19:19:05,1,2006-02-15 21:30:53
283,284,2005-05-26 19:21:44,350,359,2005-06-04 14:18:44,2,2006-02-15 21:30:53
284,285,2005-05-26 19:41:40,0,162,2005-05-31 16:58:40,2,2006-02-15 21:30:53
285,286,2005-05-26 19:44:51,314,371,2005-06-04 18:00:51,2,2006-02-15 21:30:53
286,287,2005-05-26 19:44:54,0,17,2005-06-02 01:10:54,1,2006-02-15 21:30:53
287,288,2005-05-26 19:47:49,0,82,2005-06-03 20:53:49,2,2006-02-15 21:30:53
288,289,2005-05-26 20:01:09,0,81,2005-05-28 15:09:09,1,2006-02-15 21:30:53
289,290,2005-05-26 20:08:33,0,429,2005-05-30 00:32:33,1,2006-02-15 21:30:53
290,291,2005-05-26 20:20:47,485,577,2005-06-03 02:06:47,2,2006-02-15 21:30:53
291,292,2005-05-26 20:22:12,0,515,2005-06-05 00:58:12,1,2006-02-15 21:30:53
292,293,2005-05-26 20:27:02,0,158,2005-06-03 16:45:02,2,2006-02-15 21:30:53
293,294,2005-05-26 20:29:57,0,369,2005-05-28 17:20:57,1,2006-02-15 21:30:53
294,295,2005-05-26 20:33:20,0,65,2005-05-27 18:23:20,2,2006-02-15 21:30:53
295,296,2005-05-26 20:35:19,0,468,2005-06-04 02:31:19,2,2006-02-15 21:30:53
296,297,2005-05-26 20:48:48,0,48,2005-05-27 19:52:48,2,2006-02-15 21:30:53
297,298,2005-05-26 20:52:26,0,460,2005-05-29 22:08:26,2,2006-02-15 21:30:53
298,299,2005-05-26 20:55:36,0,448,2005-05-28 00:25:36,2,2006-02-15 21:30:53
299,300,2005-05-26 20:57:00,249,47,2005-06-05 01:34:00,2,2006-02-15 21:30:53
300,301,2005-05-26 21:06:14,0,274,2005-06-01 01:54:14,2,2006-02-15 21:30:53
301,302,2005-05-26 21:13:46,0,387,2005-06-03 15:49:46,2,2006-02-15 21:30:53
302,303,2005-05-26 21:16:52,0,596,2005-05-27 23:41:52,2,2006-02-15 21:30:53
303,304,2005-05-26 21:21:28,0,534,2005-06-02 00:05:28,1,2006-02-15 21:30:53
304,305,2005-05-26 21:22:07,0,464,2005-06-02 22:33:07,2,2006-02-15 21:30:53
305,306,2005-05-26 21:31:57,0,547,2005-05-28 19:37:57,1,2006-02-15 21:30:53
306,307,2005-05-26 21:48:13,0,375,2005-06-04 22:24:13,1,2006-02-15 21:30:53
307,308,2005-05-26 22:01:39,187,277,2005-06-04 20:24:39,2,2006-02-15 21:30:53
308,309,2005-05-26 22:38:10,0,251,2005-06-02 03:10:10,2,2006-02-15 21:30:53
309,310,2005-05-26 22:41:07,593,409,2005-06-02 04:09:07,1,2006-02-15 21:30:53
310,311,2005-05-26 22:51:37,0,201,2005-06-01 00:02:37,1,2006-02-15 21:30:53
311,312,2005-05-26 22:52:19,0,143,2005-06-02 18:14:19,2,2006-02-15 21:30:53
312,313,2005-05-26 22:56:19,0,594,2005-05-29 01:29:19,2,2006-02-15 21:30:53
313,314,2005-05-26 23:09:41,0,203,2005-05-28 22:49:41,2,2006-02-15 21:30:53
314,315,2005-05-26 23:12:55,0,238,2005-05-29 23:33:55,1,2006-02-15 21:30:53
315,316,2005-05-26 23:22:55,0,249,2005-05-29 23:25:55,2,2006-02-15 21:30:53
316,317,2005-05-26 23:23:56,26,391,2005-06-01 19:56:56,2,2006-02-15 21:30:53
317,318,2005-05-26 23:37:39,0,60,2005-06-03 04:31:39,2,2006-02-15 21:30:53
318,319,2005-05-26 23:52:13,0,77,2005-05-30 18:55:13,1,2006-02-15 21:30:53
319,320,2005-05-27 00:09:24,0,2,2005-05-28 04:30:24,2,2006-02-15 21:30:53
320,322,2005-05-27 00:47:35,0,496,2005-06-02 00:32:35,1,2006-02-15 21:30:53
321,323,2005-05-27 00:49:27,0,144,2005-05-30 03:12:27,1,2006-02-15 21:30:53
322,324,2005-05-27 01:00:04,0,292,2005-05-30 04:27:04,1,2006-02-15 21:30:53
323,325,2005-05-27 01:09:55,0,449,2005-05-31 07:01:55,2,2006-02-15 21:30:53
324,326,2005-05-27 01:10:11,0,432,2005-06-04 20:25:11,2,2006-02-15 21:30:53
325,327,2005-05-27 01:18:57,0,105,2005-06-04 04:06:57,1,2006-02-15 21:30:53
326,328,2005-05-27 01:29:31,0,451,2005-06-01 02:27:31,1,2006-02-15 21:30:53
327,329,2005-05-27 01:57:14,0,231,2005-05-31 04:19:14,2,2006-02-15 21:30:53
328,330,2005-05-27 02:15:30,0,248,2005-06-04 05:09:30,2,2006-02-15 21:30:53
329,331,2005-05-27 02:22:26,0,67,2005-06-05 00:25:26,1,2006-02-15 21:30:53
330,332,2005-05-27 02:27:10,0,299,2005-06-03 01:26:10,2,2006-02-15 21:30:53
331,333,2005-05-27 02:52:21,0,412,2005-06-01 00:55:21,2,2006-02-15 21:30:53
332,334,2005-05-27 03:03:07,0,194,2005-05-29 03:54:07,1,2006-02-15 21:30:53
333,335,2005-05-27 03:07:10,0,16,2005-06-05 00:15:10,2,2006-02-15 21:30:53
334,336,2005-05-27 03:15:23,0,275,2005-05-29 22:43:23,1,2006-02-15 21:30:53
335,337,2005-05-27 03:22:30,751,19,2005-06-02 03:27:30,1,2006-02-15 21:30:53
336,338,2005-05-27 03:42:52,0,165,2005-06-01 05:23:52,2,2006-02-15 21:30:53
337,339,2005-05-27 03:47:18,0,516,2005-06-04 05:46:18,2,2006-02-15 21:30:53
338,340,2005-05-27 03:55:25,946,209,2005-06-04 07:57:25,2,2006-02-15 21:30:53
339,341,2005-05-27 04:01:42,0,56,2005-06-05 08:51:42,1,2006-02-15 21:30:53
340,342,2005-05-27 04:11:04,0,539,2005-05-29 01:28:04,2,2006-02-15 21:30:53
341,343,2005-05-27 04:13:41,0,455,2005-05-28 08:34:41,1,2006-02-15 21:30:53
342,344,2005-05-27 04:30:22,0,236,2005-05-29 10:13:22,2,2006-02-15 21:30:53
343,345,2005-05-27 04:32:25,0,144,2005-05-31 09:50:25,1,2006-02-15 21:30:53
344,346,2005-05-27 04:34:41,0,14,2005-06-05 04:24:41,2,2006-02-15 21:30:53
345,347,2005-05-27 04:40:33,0,378,2005-05-28 09:56:33,2,2006-02-15 21:30:53
346,348,2005-05-27 04:50:56,0,473,2005-06-01 04:43:56,1,2006-02-15 21:30:53
347,349,2005-05-27 04:53:11,0,36,2005-05-28 06:33:11,2,2006-02-15 21:30:53
348,350,2005-05-27 05:01:28,0,9,2005-06-04 05:01:28,2,2006-02-15 21:30:53
349,351,2005-05-27 05:39:03,0,118,2005-06-01 11:10:03,1,2006-02-15 21:30:53
350,352,2005-05-27 05:48:19,0,157,2005-05-29 09:05:19,1,2006-02-15 21:30:53
351,353,2005-05-27 06:03:39,0,503,2005-06-03 04:39:39,2,2006-02-15 21:30:53
352,354,2005-05-27 06:12:26,0,452,2005-06-01 06:48:26,1,2006-02-15 21:30:53
353,355,2005-05-27 06:15:33,141,446,2005-06-01 02:50:33,2,2006-02-15 21:30:53
354,356,2005-05-27 06:32:30,0,382,2005-05-30 06:24:30,2,2006-02-15 21:30:53
355,357,2005-05-27 06:37:15,0,198,2005-05-30 07:04:15,2,2006-02-15 21:30:53
356,358,2005-05-27 06:43:59,0,102,2005-05-29 11:28:59,2,2006-02-15 21:30:53
357,359,2005-05-27 06:48:33,0,152,2005-05-29 03:55:33,1,2006-02-15 21:30:53
358,360,2005-05-27 06:51:14,0,594,2005-06-03 01:58:14,1,2006-02-15 21:30:53
359,361,2005-05-27 07:03:28,6,587,2005-05-31 08:01:28,1,2006-02-15 21:30:53
360,362,2005-05-27 07:10:25,0,147,2005-06-01 08:34:25,1,2006-02-15 21:30:53
361,363,2005-05-27 07:14:00,0,345,2005-05-28 12:22:00,2,2006-02-15 21:30:53
362,364,2005-05-27 07:20:12,833,430,2005-05-31 10:44:12,2,2006-02-15 21:30:53
363,365,2005-05-27 07:31:20,0,167,2005-06-04 04:46:20,1,2006-02-15 21:30:53
364,366,2005-05-27 07:33:54,360,134,2005-06-04 01:55:54,2,2006-02-15 21:30:53
365,367,2005-05-27 07:37:02,0,439,2005-05-30 05:43:02,2,2006-02-15 21:30:53
366,368,2005-05-27 07:42:29,0,361,2005-06-04 11:20:29,2,2006-02-15 21:30:53
367,369,2005-05-27 07:46:49,944,508,2005-06-01 06:20:49,2,2006-02-15 21:30:53
368,370,2005-05-27 07:49:43,0,22,2005-06-05 06:39:43,2,2006-02-15 21:30:53
369,371,2005-05-27 08:08:18,0,295,2005-06-05 03:05:18,2,2006-02-15 21:30:53
370,372,2005-05-27 08:13:58,0,510,2005-06-04 03:50:58,2,2006-02-15 21:30:53
371,373,2005-05-27 08:16:25,0,464,2005-06-01 11:41:25,1,2006-02-15 21:30:53
372,374,2005-05-27 08:26:30,0,337,2005-06-05 07:13:30,1,2006-02-15 21:30:53
373,375,2005-05-27 08:49:21,0,306,2005-06-04 14:11:21,1,2006-02-15 21:30:53
374,376,2005-05-27 08:58:15,0,542,2005-06-02 04:48:15,1,2006-02-15 21:30:53
375,377,2005-05-27 09:04:05,0,170,2005-06-02 03:36:05,2,2006-02-15 21:30:53
376,378,2005-05-27 09:23:22,0,53,2005-05-29 15:20:22,1,2006-02-15 21:30:53
377,379,2005-05-27 09:25:32,0,584,2005-06-02 06:19:32,1,2006-02-15 21:30:53
378,380,2005-05-27 09:34:39,0,176,2005-06-04 11:45:39,1,2006-02-15 21:30:53
379,381,2005-05-27 09:43:25,0,371,2005-05-31 12:00:25,1,2006-02-15 21:30:53
380,382,2005-05-27 10:12:00,0,183,2005-05-31 15:03:00,1,2006-02-15 21:30:53
381,383,2005-05-27 10:12:20,955,298,2005-06-03 10:37:20,1,2006-02-15 21:30:53
382,384,2005-05-27 10:18:20,910,371,2005-06-02 09:21:20,2,2006-02-15 21:30:53
383,385,2005-05-27 10:23:25,0,213,2005-05-30 15:27:25,2,2006-02-15 21:30:53
384,386,2005-05-27 10:26:31,0,109,2005-05-30 08:32:31,1,2006-02-15 21:30:53
385,387,2005-05-27 10:35:27,0,506,2005-06-01 13:37:27,2,2006-02-15 21:30:53
386,388,2005-05-27 10:37:27,434,28,2005-05-30 05:45:27,1,2006-02-15 21:30:53
387,389,2005-05-27 10:45:41,691,500,2005-06-05 06:22:41,2,2006-02-15 21:30:53
388,390,2005-05-27 11:02:26,0,48,2005-06-02 16:09:26,2,2006-02-15 21:30:53
389,391,2005-05-27 11:03:55,0,197,2005-06-01 11:59:55,2,2006-02-15 21:30:53
390,392,2005-05-27 11:14:42,263,359,2005-06-01 14:28:42,2,2006-02-15 21:30:53
391,393,2005-05-27 11:18:25,145,251,2005-05-28 07:10:25,2,2006-02-15 21:30:53
392,394,2005-05-27 11:26:11,0,274,2005-06-03 16:44:11,2,2006-02-15 21:30:53
393,395,2005-05-27 11:45:49,752,575,2005-05-31 13:42:49,1,2006-02-15 21:30:53
394,396,2005-05-27 11:47:04,0,112,2005-05-29 10:14:04,1,2006-02-15 21:30:53
395,397,2005-05-27 12:29:02,0,544,2005-05-28 17:36:02,2,2006-02-15 21:30:53
396,398,2005-05-27 12:44:03,0,422,2005-06-02 08:19:03,1,2006-02-15 21:30:53
397,399,2005-05-27 12:48:38,553,204,2005-05-29 15:27:38,1,2006-02-15 21:30:53
398,400,2005-05-27 12:51:44,258,249,2005-05-31 08:34:44,2,2006-02-15 21:30:53
399,401,2005-05-27 12:57:55,0,46,2005-05-29 17:55:55,2,2006-02-15 21:30:53
400,402,2005-05-27 13:17:18,461,354,2005-05-30 08:53:18,2,2006-02-15 21:30:53
401,403,2005-05-27 13:28:52,0,424,2005-05-29 11:47:52,2,2006-02-15 21:30:53
402,404,2005-05-27 13:31:51,0,168,2005-05-30 16:58:51,1,2006-02-15 21:30:53
403,405,2005-05-27 13:32:39,0,272,2005-06-05 18:53:39,2,2006-02-15 21:30:53
404,406,2005-05-27 13:46:46,0,381,2005-05-30 12:43:46,1,2006-02-15 21:30:53
405,407,2005-05-27 13:57:38,0,44,2005-05-31 18:23:38,1,2006-02-15 21:30:53
406,408,2005-05-27 13:57:39,0,84,2005-05-28 11:57:39,1,2006-02-15 21:30:53
407,409,2005-05-27 14:10:58,0,220,2005-06-02 10:40:58,2,2006-02-15 21:30:53
408,410,2005-05-27 14:11:22,0,506,2005-06-02 20:06:22,2,2006-02-15 21:30:53
409,411,2005-05-27 14:14:14,0,388,2005-06-03 17:39:14,1,2006-02-15 21:30:53
410,412,2005-05-27 14:17:23,0,375,2005-05-29 15:07:23,2,2006-02-15 21:30:53
411,413,2005-05-27 14:45:37,0,307,2005-06-03 11:11:37,1,2006-02-15 21:30:53
412,414,2005-05-27 14:48:20,0,219,2005-05-31 14:39:20,2,2006-02-15 21:30:53
413,415,2005-05-27 14:51:45,0,304,2005-05-28 19:07:45,2,2006-02-15 21:30:53
414,416,2005-05-27 15:02:10,0,222,2005-05-29 10:34:10,2,2006-02-15 21:30:53
415,417,2005-05-27 15:07:27,0,475,2005-05-29 20:01:27,2,2006-02-15 21:30:53
416,418,2005-05-27 15:13:17,0,151,2005-06-04 12:05:17,2,2006-02-15 21:30:53
417,419,2005-05-27 15:15:11,0,77,2005-06-02 11:53:11,1,2006-02-15 21:30:53
418,420,2005-05-27 15:19:38,619,93,2005-06-03 15:07:38,2,2006-02-15 21:30:53
419,421,2005-05-27 15:30:13,0,246,2005-06-04 13:19:13,2,2006-02-15 21:30:53
420,422,2005-05-27 15:31:55,0,150,2005-06-01 11:47:55,2,2006-02-15 21:30:53
421,423,2005-05-27 15:32:57,0,284,2005-06-02 19:03:57,1,2006-02-15 21:30:53
422,424,2005-05-27 15:34:01,0,35,2005-06-05 09:44:01,1,2006-02-15 21:30:53
423,425,2005-05-27 15:51:30,0,182,2005-06-03 16:52:30,2,2006-02-15 21:30:53
424,426,2005-05-27 15:56:57,0,522,2005-06-05 11:45:57,1,2006-02-15 21:30:53
425,427,2005-05-27 16:10:04,0,288,2005-06-05 13:22:04,2,2006-02-15 21:30:53
426,428,2005-05-27 16:10:58,0,161,2005-05-31 17:24:58,2,2006-02-15 21:30:53
427,429,2005-05-27 16:21:26,129,498,2005-06-05 20:23:26,2,2006-02-15 21:30:53
428,430,2005-05-27 16:22:10,0,190,2005-06-05 13:10:10,1,2006-02-15 21:30:53
429,431,2005-05-27 16:31:05,0,334,2005-06-05 11:29:05,1,2006-02-15 21:30:53
430,432,2005-05-27 16:40:29,0,46,2005-05-29 16:20:29,1,2006-02-15 21:30:53
431,433,2005-05-27 16:40:40,0,574,2005-05-30 19:55:40,2,2006-02-15 21:30:53
432,434,2005-05-27 16:54:27,0,246,2005-06-04 22:26:27,1,2006-02-15 21:30:53
433,435,2005-05-27 17:17:09,0,3,2005-06-02 11:20:09,2,2006-02-15 21:30:53
434,436,2005-05-27 17:21:04,0,267,2005-05-30 21:26:04,2,2006-02-15 21:30:53
435,437,2005-05-27 17:47:22,0,525,2005-06-05 14:22:22,2,2006-02-15 21:30:53
436,438,2005-05-27 17:52:34,0,249,2005-06-05 22:23:34,2,2006-02-15 21:30:53
437,439,2005-05-27 17:54:48,354,319,2005-06-02 23:01:48,2,2006-02-15 21:30:53
438,440,2005-05-27 18:00:35,0,314,2005-05-29 16:15:35,1,2006-02-15 21:30:53
439,441,2005-05-27 18:11:05,0,54,2005-05-30 22:45:05,1,2006-02-15 21:30:53
440,442,2005-05-27 18:12:13,0,403,2005-05-30 12:30:13,2,2006-02-15 21:30:53
441,443,2005-05-27 18:35:20,0,547,2005-06-04 18:58:20,1,2006-02-15 21:30:53
442,444,2005-05-27 18:39:15,723,239,2005-06-01 15:56:15,1,2006-02-15 21:30:53
443,445,2005-05-27 18:42:57,0,293,2005-05-30 22:35:57,2,2006-02-15 21:30:53
444,446,2005-05-27 18:48:41,0,401,2005-06-03 16:42:41,2,2006-02-15 21:30:53
445,447,2005-05-27 18:57:02,0,133,2005-06-05 18:38:02,1,2006-02-15 21:30:53
446,448,2005-05-27 19:03:08,0,247,2005-06-03 20:28:08,2,2006-02-15 21:30:53
447,449,2005-05-27 19:13:15,0,172,2005-06-04 01:08:15,2,2006-02-15 21:30:53
448,450,2005-05-27 19:18:54,0,247,2005-06-05 23:52:54,1,2006-02-15 21:30:53
449,451,2005-05-27 19:27:54,205,87,2005-05-29 01:07:54,2,2006-02-15 21:30:53
450,452,2005-05-27 19:30:33,0,127,2005-05-30 20:53:33,2,2006-02-15 21:30:53
451,453,2005-05-27 19:31:16,0,529,2005-05-29 23:06:16,1,2006-02-15 21:30:53
452,454,2005-05-27 19:31:36,0,575,2005-05-30 15:46:36,1,2006-02-15 21:30:53
453,455,2005-05-27 19:43:29,0,343,2005-06-04 23:40:29,2,2006-02-15 21:30:53
454,456,2005-05-27 19:50:06,0,92,2005-06-02 22:14:06,1,2006-02-15 21:30:53
455,457,2005-05-27 19:52:29,0,300,2005-06-02 17:17:29,2,2006-02-15 21:30:53
456,458,2005-05-27 19:58:36,0,565,2005-06-06 00:51:36,1,2006-02-15 21:30:53
457,459,2005-05-27 20:00:04,597,468,2005-05-29 22:47:04,1,2006-02-15 21:30:53
458,460,2005-05-27 20:02:03,0,240,2005-05-28 16:14:03,1,2006-02-15 21:30:53
459,461,2005-05-27 20:08:55,0,447,2005-06-01 14:32:55,1,2006-02-15 21:30:53
460,462,2005-05-27 20:10:36,0,364,2005-06-03 21:12:36,2,2006-02-15 21:30:53
461,463,2005-05-27 20:11:47,826,21,2005-06-04 21:18:47,1,2006-02-15 21:30:53
462,464,2005-05-27 20:42:44,0,193,2005-05-30 00:49:44,2,2006-02-15 21:30:53
463,465,2005-05-27 20:44:36,20,261,2005-06-02 02:43:36,1,2006-02-15 21:30:53
464,466,2005-05-27 20:57:07,0,442,2005-05-29 15:52:07,1,2006-02-15 21:30:53
465,467,2005-05-27 21:10:03,339,557,2005-06-01 16:08:03,1,2006-02-15 21:30:53
466,468,2005-05-27 21:13:10,0,101,2005-06-04 15:26:10,2,2006-02-15 21:30:53
467,469,2005-05-27 21:14:26,0,154,2005-06-05 21:51:26,1,2006-02-15 21:30:53
468,470,2005-05-27 21:17:08,0,504,2005-06-04 17:47:08,1,2006-02-15 21:30:53
469,471,2005-05-27 21:32:42,0,209,2005-05-31 00:39:42,2,2006-02-15 21:30:53
470,472,2005-05-27 21:36:15,0,528,2005-05-29 21:07:15,1,2006-02-15 21:30:53
471,473,2005-05-27 21:36:34,802,105,2005-06-05 17:02:34,1,2006-02-15 21:30:53
472,474,2005-05-27 22:11:56,0,274,2005-05-31 19:07:56,1,2006-02-15 21:30:53
473,475,2005-05-27 22:16:26,0,159,2005-05-28 19:58:26,1,2006-02-15 21:30:53
474,476,2005-05-27 22:31:36,0,543,2005-06-03 19:12:36,1,2006-02-15 21:30:53
475,477,2005-05-27 22:33:33,0,161,2005-06-02 18:35:33,2,2006-02-15 21:30:53
476,478,2005-05-27 22:38:20,424,557,2005-05-31 18:39:20,2,2006-02-15 21:30:53
477,479,2005-05-27 22:39:10,0,231,2005-06-05 22:46:10,2,2006-02-15 21:30:53
478,480,2005-05-27 22:47:39,0,220,2005-06-04 21:17:39,2,2006-02-15 21:30:53
479,481,2005-05-27 22:49:27,72,445,2005-05-30 17:46:27,2,2006-02-15 21:30:53
480,482,2005-05-27 22:53:02,0,546,2005-06-01 22:53:02,2,2006-02-15 21:30:53
481,483,2005-05-27 23:00:25,0,32,2005-05-28 21:30:25,1,2006-02-15 21:30:53
482,484,2005-05-27 23:26:45,0,491,2005-05-29 21:16:45,2,2006-02-15 21:30:53
483,485,2005-05-27 23:40:52,0,105,2005-05-28 22:40:52,2,2006-02-15 21:30:53
484,486,2005-05-27 23:51:12,0,398,2005-05-28 20:26:12,1,2006-02-15 21:30:53
485,487,2005-05-28 00:00:30,0,569,2005-05-28 19:18:30,2,2006-02-15 21:30:53
486,488,2005-05-28 00:07:50,393,168,2005-06-03 22:30:50,2,2006-02-15 21:30:53
487,489,2005-05-28 00:09:12,0,476,2005-05-31 04:44:12,2,2006-02-15 21:30:53
488,490,2005-05-28 00:09:56,0,95,2005-05-30 22:32:56,2,2006-02-15 21:30:53
489,491,2005-05-28 00:13:35,0,196,2005-05-29 00:11:35,2,2006-02-15 21:30:53
490,492,2005-05-28 00:24:58,0,228,2005-05-28 22:34:58,1,2006-02-15 21:30:53
491,493,2005-05-28 00:34:11,184,501,2005-05-30 18:40:11,1,2006-02-15 21:30:53
492,494,2005-05-28 00:39:31,0,64,2005-06-02 19:35:31,1,2006-02-15 21:30:53
493,495,2005-05-28 00:40:48,0,526,2005-05-29 06:07:48,1,2006-02-15 21:30:53
494,496,2005-05-28 00:43:41,0,56,2005-06-04 03:56:41,1,2006-02-15 21:30:53
495,497,2005-05-28 00:54:39,0,20,2005-06-03 20:47:39,2,2006-02-15 21:30:53
496,498,2005-05-28 01:01:21,458,287,2005-05-30 21:20:21,2,2006-02-15 21:30:53
497,499,2005-05-28 01:05:07,0,199,2005-06-05 19:54:07,2,2006-02-15 21:30:53
498,500,2005-05-28 01:05:25,0,145,2005-05-31 20:04:25,1,2006-02-15 21:30:53
499,501,2005-05-28 01:09:36,601,162,2005-05-30 06:14:36,2,2006-02-15 21:30:53
500,502,2005-05-28 01:34:43,0,179,2005-05-31 01:02:43,2,2006-02-15 21:30:53
501,503,2005-05-28 01:35:25,0,288,2005-05-28 22:12:25,2,2006-02-15 21:30:53
502,504,2005-05-28 02:05:34,0,170,2005-05-30 23:03:34,1,2006-02-15 21:30:53
503,505,2005-05-28 02:06:37,71,111,2005-05-29 06:57:37,1,2006-02-15 21:30:53
504,506,2005-05-28 02:09:19,667,469,2005-06-05 20:34:19,1,2006-02-15 21:30:53
505,507,2005-05-28 02:31:19,0,421,2005-06-02 05:07:19,2,2006-02-15 21:30:53
506,508,2005-05-28 02:40:50,0,434,2005-06-05 03:05:50,1,2006-02-15 21:30:53
507,509,2005-05-28 02:51:12,0,147,2005-05-31 06:27:12,1,2006-02-15 21:30:53
508,510,2005-05-28 02:52:14,0,113,2005-05-30 21:20:14,2,2006-02-15 21:30:53
509,511,2005-05-28 03:04:04,0,296,2005-06-03 04:58:04,1,2006-02-15 21:30:53
510,512,2005-05-28 03:07:50,0,231,2005-06-05 02:12:50,2,2006-02-15 21:30:53
511,513,2005-05-28 03:08:10,225,489,2005-05-29 07:22:10,1,2006-02-15 21:30:53
512,514,2005-05-28 03:09:28,0,597,2005-06-05 00:49:28,2,2006-02-15 21:30:53
513,515,2005-05-28 03:10:10,0,110,2005-06-04 02:18:10,2,2006-02-15 21:30:53
514,516,2005-05-28 03:11:47,0,400,2005-06-04 02:19:47,1,2006-02-15 21:30:53
515,517,2005-05-28 03:17:57,234,403,2005-05-29 06:33:57,1,2006-02-15 21:30:53
516,518,2005-05-28 03:18:02,0,480,2005-05-30 05:32:02,1,2006-02-15 21:30:53
517,519,2005-05-28 03:22:33,0,245,2005-06-03 05:06:33,1,2006-02-15 21:30:53
518,520,2005-05-28 03:27:37,0,161,2005-06-04 05:47:37,1,2006-02-15 21:30:53
519,521,2005-05-28 03:32:22,0,374,2005-05-28 22:37:22,1,2006-02-15 21:30:53
520,522,2005-05-28 03:33:20,0,382,2005-05-31 04:23:20,1,2006-02-15 21:30:53
521,523,2005-05-28 03:53:26,0,138,2005-05-31 05:58:26,2,2006-02-15 21:30:53
522,524,2005-05-28 03:57:28,0,223,2005-05-31 05:20:28,1,2006-02-15 21:30:53
523,525,2005-05-28 04:25:33,0,14,2005-06-06 04:18:33,1,2006-02-15 21:30:53
524,526,2005-05-28 04:27:37,0,408,2005-05-30 07:52:37,1,2006-02-15 21:30:53
525,527,2005-05-28 04:28:38,266,169,2005-06-02 08:19:38,1,2006-02-15 21:30:53
526,528,2005-05-28 04:30:05,0,359,2005-06-03 10:01:05,2,2006-02-15 21:30:53
527,529,2005-05-28 04:34:17,0,469,2005-05-30 00:35:17,1,2006-02-15 21:30:53
528,530,2005-05-28 05:13:01,0,312,2005-06-01 10:21:01,2,2006-02-15 21:30:53
529,531,2005-05-28 05:23:38,0,589,2005-05-29 08:00:38,2,2006-02-15 21:30:53
530,532,2005-05-28 05:36:58,0,120,2005-06-02 01:50:58,1,2006-02-15 21:30:53
531,533,2005-05-28 06:14:46,0,528,2005-06-01 06:26:46,2,2006-02-15 21:30:53
532,534,2005-05-28 06:15:25,992,184,2005-06-06 07:51:25,1,2006-02-15 21:30:53
533,535,2005-05-28 06:16:32,0,307,2005-05-31 02:48:32,1,2006-02-15 21:30:53
534,536,2005-05-28 06:17:33,0,514,2005-06-03 10:02:33,2,2006-02-15 21:30:53
535,537,2005-05-28 06:20:55,0,315,2005-06-05 11:48:55,2,2006-02-15 21:30:53
536,538,2005-05-28 06:21:05,0,110,2005-06-02 01:22:05,2,2006-02-15 21:30:53
537,539,2005-05-28 06:26:16,0,161,2005-05-30 02:02:16,1,2006-02-15 21:30:53
538,540,2005-05-28 06:40:25,0,119,2005-06-06 00:47:25,1,2006-02-15 21:30:53
539,541,2005-05-28 06:41:58,0,535,2005-06-02 09:12:58,2,2006-02-15 21:30:53
540,542,2005-05-28 06:42:13,0,261,2005-06-03 09:05:13,1,2006-02-15 21:30:53
541,543,2005-05-28 06:43:34,530,493,2005-06-06 07:16:34,2,2006-02-15 21:30:53
542,544,2005-05-28 07:03:00,0,311,2005-06-06 06:23:00,1,2006-02-15 21:30:53
543,545,2005-05-28 07:10:20,0,54,2005-06-04 01:47:20,2,2006-02-15 21:30:53
544,546,2005-05-28 07:16:25,487,20,2005-06-01 08:36:25,1,2006-02-15 21:30:53
545,547,2005-05-28 07:24:28,0,506,2005-06-06 01:31:28,2,2006-02-15 21:30:53
546,548,2005-05-28 07:34:56,0,450,2005-06-05 03:14:56,2,2006-02-15 21:30:53
547,549,2005-05-28 07:35:37,0,159,2005-06-02 09:08:37,1,2006-02-15 21:30:53
548,550,2005-05-28 07:39:16,0,432,2005-06-06 12:20:16,2,2006-02-15 21:30:53
549,551,2005-05-28 07:44:18,0,315,2005-06-02 12:55:18,2,2006-02-15 21:30:53
550,552,2005-05-28 07:53:38,23,106,2005-06-04 12:45:38,2,2006-02-15 21:30:53
551,553,2005-05-28 08:14:44,0,176,2005-06-02 03:01:44,2,2006-02-15 21:30:53
552,554,2005-05-28 08:23:16,0,376,2005-05-31 03:29:16,2,2006-02-15 21:30:53
553,555,2005-05-28 08:31:14,0,55,2005-05-30 07:34:14,2,2006-02-15 21:30:53
554,556,2005-05-28 08:31:36,0,22,2005-06-06 07:29:36,2,2006-02-15 21:30:53
555,557,2005-05-28 08:36:22,158,444,2005-06-03 10:42:22,2,2006-02-15 21:30:53
556,558,2005-05-28 08:38:43,0,442,2005-06-06 13:52:43,1,2006-02-15 21:30:53
557,559,2005-05-28 08:39:02,0,572,2005-06-05 08:38:02,2,2006-02-15 21:30:53
558,560,2005-05-28 08:53:02,644,463,2005-06-04 12:27:02,2,2006-02-15 21:30:53
559,561,2005-05-28 08:54:06,928,77,2005-06-05 05:54:06,1,2006-02-15 21:30:53
560,562,2005-05-28 09:01:21,0,102,2005-06-02 05:26:21,2,2006-02-15 21:30:53
561,563,2005-05-28 09:10:49,53,324,2005-06-06 11:32:49,1,2006-02-15 21:30:53
562,564,2005-05-28 09:12:09,0,282,2005-05-29 05:07:09,1,2006-02-15 21:30:53
563,565,2005-05-28 09:26:31,0,288,2005-06-01 07:28:31,1,2006-02-15 21:30:53
564,566,2005-05-28 09:51:39,0,253,2005-06-05 09:35:39,1,2006-02-15 21:30:53
565,567,2005-05-28 09:56:20,0,184,2005-06-01 06:41:20,2,2006-02-15 21:30:53
566,568,2005-05-28 09:57:36,0,155,2005-05-31 15:44:36,1,2006-02-15 21:30:53
567,569,2005-05-28 10:12:41,0,56,2005-06-03 10:08:41,2,2006-02-15 21:30:53
568,570,2005-05-28 10:15:04,0,21,2005-05-30 08:32:04,1,2006-02-15 21:30:53
569,571,2005-05-28 10:17:41,0,516,2005-06-05 07:56:41,1,2006-02-15 21:30:53
570,572,2005-05-28 10:30:13,0,337,2005-06-02 05:04:13,2,2006-02-15 21:30:53
571,573,2005-05-28 10:35:23,0,1,2005-06-03 06:32:23,1,2006-02-15 21:30:53
572,574,2005-05-28 10:44:28,0,76,2005-06-04 11:42:28,1,2006-02-15 21:30:53
573,575,2005-05-28 10:56:09,0,142,2005-06-05 15:39:09,1,2006-02-15 21:30:53
574,576,2005-05-28 10:56:10,0,588,2005-06-04 13:15:10,2,2006-02-15 21:30:53
575,577,2005-05-28 11:09:14,375,6,2005-06-01 13:27:14,2,2006-02-15 21:30:53
576,578,2005-05-28 11:15:48,0,173,2005-06-02 09:59:48,1,2006-02-15 21:30:53
577,579,2005-05-28 11:19:23,0,181,2005-06-02 13:51:23,1,2006-02-15 21:30:53
578,580,2005-05-28 11:19:53,0,17,2005-06-01 10:44:53,2,2006-02-15 21:30:53
579,581,2005-05-28 11:20:29,0,186,2005-06-04 12:37:29,2,2006-02-15 21:30:53
580,582,2005-05-28 11:33:46,0,198,2005-05-29 08:33:46,1,2006-02-15 21:30:53
581,583,2005-05-28 11:48:55,0,386,2005-06-04 07:09:55,2,2006-02-15 21:30:53
582,584,2005-05-28 11:49:00,0,69,2005-06-01 11:54:00,1,2006-02-15 21:30:53
583,585,2005-05-28 11:50:45,0,490,2005-06-03 15:35:45,2,2006-02-15 21:30:53
584,586,2005-05-28 12:03:00,898,77,2005-05-29 13:16:00,1,2006-02-15 21:30:53
585,587,2005-05-28 12:05:33,0,64,2005-05-30 13:45:33,2,2006-02-15 21:30:53
586,588,2005-05-28 12:08:37,95,89,2005-05-29 16:25:37,2,2006-02-15 21:30:53
587,589,2005-05-28 12:27:50,0,308,2005-06-03 07:15:50,2,2006-02-15 21:30:53
588,590,2005-05-28 13:06:50,473,462,2005-06-02 09:18:50,1,2006-02-15 21:30:53
589,591,2005-05-28 13:11:04,377,19,2005-05-29 17:20:04,2,2006-02-15 21:30:53
590,592,2005-05-28 13:21:08,638,244,2005-05-29 16:55:08,1,2006-02-15 21:30:53
591,593,2005-05-28 13:33:23,0,16,2005-05-30 17:10:23,2,2006-02-15 21:30:53
592,594,2005-05-28 13:41:56,0,538,2005-05-30 12:00:56,1,2006-02-15 21:30:53
593,595,2005-05-28 13:59:54,595,294,2005-06-05 15:16:54,1,2006-02-15 21:30:53
594,596,2005-05-28 14:00:03,821,589,2005-05-29 17:10:03,1,2006-02-15 21:30:53
595,597,2005-05-28 14:01:02,0,249,2005-06-06 19:06:02,2,2006-02-15 21:30:53
596,598,2005-05-28 14:04:50,599,159,2005-06-03 18:00:50,2,2006-02-15 21:30:53
597,599,2005-05-28 14:05:57,0,393,2005-06-01 16:41:57,2,2006-02-15 21:30:53
598,600,2005-05-28 14:08:19,0,332,2005-06-03 11:57:19,2,2006-02-15 21:30:53
599,601,2005-05-28 14:08:22,0,429,2005-06-04 10:50:22,1,2006-02-15 21:30:53
600,602,2005-05-28 14:15:54,0,590,2005-06-05 15:16:54,2,2006-02-15 21:30:53
601,603,2005-05-28 14:27:51,0,537,2005-05-29 13:13:51,1,2006-02-15 21:30:53
602,604,2005-05-28 14:37:07,0,426,2005-06-03 11:03:07,2,2006-02-15 21:30:53
603,605,2005-05-28 14:39:10,0,501,2005-06-01 09:28:10,2,2006-02-15 21:30:53
604,606,2005-05-28 14:48:39,0,299,2005-06-04 09:44:39,2,2006-02-15 21:30:53
605,607,2005-05-28 15:02:41,0,554,2005-05-30 12:54:41,2,2006-02-15 21:30:53
606,608,2005-05-28 15:03:44,0,494,2005-06-04 17:14:44,2,2006-02-15 21:30:53
607,609,2005-05-28 15:04:02,0,150,2005-06-05 14:47:02,2,2006-02-15 21:30:53
608,610,2005-05-28 15:15:25,0,500,2005-06-02 12:30:25,2,2006-02-15 21:30:53
609,611,2005-05-28 15:18:18,0,580,2005-05-31 20:15:18,2,2006-02-15 21:30:53
610,612,2005-05-28 15:24:54,0,161,2005-05-30 14:22:54,2,2006-02-15 21:30:53
611,613,2005-05-28 15:27:22,270,595,2005-06-02 20:01:22,1,2006-02-15 21:30:53
612,614,2005-05-28 15:33:28,280,307,2005-06-04 12:27:28,2,2006-02-15 21:30:53
613,615,2005-05-28 15:35:52,0,533,2005-06-03 17:35:52,2,2006-02-15 21:30:53
614,616,2005-05-28 15:45:39,989,471,2005-06-02 09:55:39,1,2006-02-15 21:30:53
615,617,2005-05-28 15:49:14,0,372,2005-05-31 14:29:14,2,2006-02-15 21:30:53
616,618,2005-05-28 15:50:07,0,248,2005-06-01 19:45:07,1,2006-02-15 21:30:53
617,619,2005-05-28 15:52:26,0,407,2005-06-06 17:55:26,2,2006-02-15 21:30:53
618,620,2005-05-28 15:54:45,0,321,2005-06-04 20:26:45,1,2006-02-15 21:30:53
619,621,2005-05-28 15:58:12,0,239,2005-05-30 21:54:12,1,2006-02-15 21:30:53
620,622,2005-05-28 15:58:22,0,109,2005-06-04 10:13:22,1,2006-02-15 21:30:53
621,623,2005-05-28 16:01:28,0,495,2005-05-30 11:19:28,1,2006-02-15 21:30:53
622,624,2005-05-28 16:13:22,0,569,2005-06-06 20:35:22,1,2006-02-15 21:30:53
623,625,2005-05-28 16:35:46,0,596,2005-06-01 14:19:46,1,2006-02-15 21:30:53
624,626,2005-05-28 16:58:09,452,584,2005-06-01 14:02:09,2,2006-02-15 21:30:53
625,627,2005-05-28 17:04:43,425,241,2005-06-04 19:58:43,2,2006-02-15 21:30:53
626,628,2005-05-28 17:05:46,0,173,2005-06-06 16:29:46,2,2006-02-15 21:30:53
627,629,2005-05-28 17:19:15,0,94,2005-06-02 20:01:15,2,2006-02-15 21:30:53
628,630,2005-05-28 17:24:51,0,417,2005-06-05 20:05:51,2,2006-02-15 21:30:53
629,631,2005-05-28 17:36:32,0,503,2005-06-03 14:56:32,2,2006-02-15 21:30:53
630,632,2005-05-28 17:37:50,0,442,2005-06-03 16:04:50,1,2006-02-15 21:30:53
631,633,2005-05-28 17:37:59,58,360,2005-06-03 22:49:59,2,2006-02-15 21:30:53
632,634,2005-05-28 17:40:35,0,428,2005-06-05 16:18:35,2,2006-02-15 21:30:53
633,635,2005-05-28 17:46:57,0,42,2005-06-06 18:24:57,1,2006-02-15 21:30:53
634,636,2005-05-28 17:47:58,0,239,2005-06-04 16:32:58,1,2006-02-15 21:30:53
635,637,2005-05-28 18:14:29,0,250,2005-05-29 23:48:29,2,2006-02-15 21:30:53
636,638,2005-05-28 18:24:43,0,372,2005-06-02 19:03:43,2,2006-02-15 21:30:53
637,639,2005-05-28 18:25:02,0,198,2005-05-29 18:22:02,1,2006-02-15 21:30:53
638,640,2005-05-28 18:43:26,495,465,2005-05-30 13:39:26,1,2006-02-15 21:30:53
639,641,2005-05-28 18:45:47,0,396,2005-06-04 15:24:47,1,2006-02-15 21:30:53
640,642,2005-05-28 18:49:12,140,157,2005-06-01 20:50:12,2,2006-02-15 21:30:53
641,643,2005-05-28 18:52:11,0,240,2005-05-31 15:15:11,2,2006-02-15 21:30:53
642,644,2005-05-28 18:59:12,0,316,2005-06-04 18:06:12,1,2006-02-15 21:30:53
643,645,2005-05-28 19:14:09,0,505,2005-06-05 14:01:09,1,2006-02-15 21:30:53
644,646,2005-05-28 19:16:14,0,185,2005-05-31 16:50:14,2,2006-02-15 21:30:53
645,647,2005-05-28 19:22:52,0,569,2005-06-01 00:10:52,1,2006-02-15 21:30:53
646,648,2005-05-28 19:25:54,0,253,2005-06-03 15:57:54,2,2006-02-15 21:30:53
647,649,2005-05-28 19:35:45,0,197,2005-06-05 16:00:45,1,2006-02-15 21:30:53
648,650,2005-05-28 19:45:40,0,281,2005-05-29 21:02:40,1,2006-02-15 21:30:53
649,651,2005-05-28 19:46:50,739,266,2005-05-30 16:29:50,1,2006-02-15 21:30:53
650,652,2005-05-28 20:08:47,0,43,2005-05-29 14:57:47,2,2006-02-15 21:30:53
651,653,2005-05-28 20:12:20,126,327,2005-06-04 14:44:20,2,2006-02-15 21:30:53
652,654,2005-05-28 20:15:30,0,23,2005-05-30 22:02:30,2,2006-02-15 21:30:53
653,655,2005-05-28 20:16:20,331,287,2005-05-31 16:46:20,2,2006-02-15 21:30:53
654,656,2005-05-28 20:18:24,0,437,2005-05-30 16:19:24,1,2006-02-15 21:30:53
655,657,2005-05-28 20:23:09,848,65,2005-06-01 02:11:09,1,2006-02-15 21:30:53
656,658,2005-05-28 20:23:23,0,103,2005-06-06 19:31:23,2,2006-02-15 21:30:53
657,659,2005-05-28 20:27:53,0,207,2005-05-31 01:36:53,2,2006-02-15 21:30:53
658,660,2005-05-28 20:53:31,0,578,2005-05-30 15:26:31,1,2006-02-15 21:30:53
659,661,2005-05-28 21:01:25,0,51,2005-06-02 01:22:25,2,2006-02-15 21:30:53
660,662,2005-05-28 21:09:31,0,166,2005-06-01 19:00:31,2,2006-02-15 21:30:53
661,663,2005-05-28 21:23:02,0,176,2005-06-02 17:39:02,2,2006-02-15 21:30:53
662,664,2005-05-28 21:31:08,87,523,2005-06-02 20:56:08,2,2006-02-15 21:30:53
663,665,2005-05-28 21:38:39,0,415,2005-05-29 21:37:39,1,2006-02-15 21:30:53
664,666,2005-05-28 21:48:51,0,437,2005-06-05 16:45:51,2,2006-02-15 21:30:53
665,667,2005-05-28 21:49:02,797,596,2005-05-31 03:07:02,1,2006-02-15 21:30:53
666,668,2005-05-28 21:54:45,0,484,2005-05-29 22:32:45,1,2006-02-15 21:30:53
667,669,2005-05-28 22:03:25,0,313,2005-06-03 03:39:25,1,2006-02-15 21:30:53
668,670,2005-05-28 22:04:03,227,201,2005-06-06 22:43:03,2,2006-02-15 21:30:53
669,671,2005-05-28 22:04:30,0,14,2005-06-03 01:21:30,2,2006-02-15 21:30:53
670,672,2005-05-28 22:05:29,697,306,2005-06-06 02:10:29,2,2006-02-15 21:30:53
671,673,2005-05-28 22:07:30,0,468,2005-06-01 23:42:30,1,2006-02-15 21:30:53
672,674,2005-05-28 22:11:35,0,87,2005-06-01 23:58:35,2,2006-02-15 21:30:53
673,675,2005-05-28 22:22:44,0,338,2005-06-01 02:57:44,2,2006-02-15 21:30:53
674,676,2005-05-28 22:27:51,0,490,2005-05-29 20:36:51,2,2006-02-15 21:30:53
675,677,2005-05-28 23:00:08,0,194,2005-06-05 19:11:08,2,2006-02-15 21:30:53
676,678,2005-05-28 23:15:48,0,269,2005-06-03 04:43:48,2,2006-02-15 21:30:53
677,679,2005-05-28 23:24:57,907,526,2005-06-06 21:59:57,2,2006-02-15 21:30:53
678,680,2005-05-28 23:27:26,0,482,2005-06-02 02:28:26,2,2006-02-15 21:30:53
679,681,2005-05-28 23:39:44,0,531,2005-06-01 01:42:44,1,2006-02-15 21:30:53
680,682,2005-05-28 23:53:18,0,148,2005-05-29 19:14:18,2,2006-02-15 21:30:53
681,683,2005-05-29 00:09:48,0,197,2005-06-02 04:27:48,1,2006-02-15 21:30:53
682,684,2005-05-29 00:13:15,0,461,2005-06-04 21:26:15,2,2006-02-15 21:30:53
683,685,2005-05-29 00:17:51,0,172,2005-06-05 05:32:51,2,2006-02-15 21:30:53
684,686,2005-05-29 00:27:10,0,411,2005-05-30 02:29:10,1,2006-02-15 21:30:53
685,687,2005-05-29 00:32:09,0,250,2005-05-31 23:53:09,1,2006-02-15 21:30:53
686,688,2005-05-29 00:45:24,0,162,2005-06-02 01:30:24,1,2006-02-15 21:30:53
687,689,2005-05-29 00:46:53,742,571,2005-06-03 23:48:53,2,2006-02-15 21:30:53
688,690,2005-05-29 00:54:53,0,85,2005-06-06 00:45:53,1,2006-02-15 21:30:53
689,691,2005-05-29 01:01:26,0,433,2005-06-07 06:21:26,1,2006-02-15 21:30:53
690,692,2005-05-29 01:32:10,800,18,2005-06-02 03:54:10,2,2006-02-15 21:30:53
691,693,2005-05-29 01:42:31,635,190,2005-06-03 02:29:31,2,2006-02-15 21:30:53
692,694,2005-05-29 01:49:43,592,399,2005-06-05 06:52:43,1,2006-02-15 21:30:53
693,695,2005-05-29 01:50:53,0,528,2005-06-03 02:28:53,1,2006-02-15 21:30:53
694,696,2005-05-29 01:59:10,0,19,2005-06-01 02:45:10,1,2006-02-15 21:30:53
695,697,2005-05-29 02:04:04,0,387,2005-06-04 00:47:04,2,2006-02-15 21:30:53
696,698,2005-05-29 02:10:52,0,109,2005-06-01 21:52:52,1,2006-02-15 21:30:53
697,699,2005-05-29 02:11:44,130,246,2005-06-04 20:23:44,2,2006-02-15 21:30:53
698,700,2005-05-29 02:18:54,500,117,2005-05-30 05:54:54,1,2006-02-15 21:30:53
699,701,2005-05-29 02:26:27,372,112,2005-06-03 04:59:27,1,2006-02-15 21:30:53
700,702,2005-05-29 02:27:30,0,475,2005-05-30 01:52:30,2,2006-02-15 21:30:53
701,703,2005-05-29 02:29:36,0,269,2005-06-03 04:54:36,2,2006-02-15 21:30:53
702,704,2005-05-29 02:44:43,0,330,2005-06-06 01:51:43,2,2006-02-15 21:30:53
703,705,2005-05-29 02:48:52,0,257,2005-05-30 06:21:52,1,2006-02-15 21:30:53
704,706,2005-05-29 03:05:49,0,60,2005-06-04 22:48:49,1,2006-02-15 21:30:53
705,707,2005-05-29 03:18:19,819,252,2005-05-30 02:45:19,1,2006-02-15 21:30:53
706,708,2005-05-29 03:23:47,0,127,2005-05-31 21:27:47,2,2006-02-15 21:30:53
707,709,2005-05-29 03:48:01,0,479,2005-06-06 05:21:01,1,2006-02-15 21:30:53
708,710,2005-05-29 03:48:36,194,518,2005-06-03 05:03:36,1,2006-02-15 21:30:53
709,711,2005-05-29 03:49:03,0,215,2005-05-31 08:29:03,2,2006-02-15 21:30:53
710,712,2005-05-29 04:02:24,0,313,2005-05-30 03:09:24,2,2006-02-15 21:30:53
711,713,2005-05-29 04:10:17,0,507,2005-06-07 07:13:17,1,2006-02-15 21:30:53
712,714,2005-05-29 04:15:21,0,452,2005-06-01 23:05:21,2,2006-02-15 21:30:53
713,715,2005-05-29 04:22:41,0,545,2005-06-05 09:28:41,1,2006-02-15 21:30:53
714,716,2005-05-29 04:35:29,85,36,2005-06-01 07:42:29,2,2006-02-15 21:30:53
715,717,2005-05-29 04:37:44,0,412,2005-05-30 05:48:44,2,2006-02-15 21:30:53
716,718,2005-05-29 04:52:23,0,498,2005-06-02 02:27:23,1,2006-02-15 21:30:53
717,719,2005-05-29 05:16:05,267,245,2005-06-01 07:53:05,2,2006-02-15 21:30:53
718,720,2005-05-29 05:17:30,0,480,2005-06-06 02:47:30,2,2006-02-15 21:30:53
719,721,2005-05-29 05:28:47,0,44,2005-05-31 11:24:47,1,2006-02-15 21:30:53
720,722,2005-05-29 05:30:31,0,259,2005-06-06 04:51:31,1,2006-02-15 21:30:53
721,723,2005-05-29 05:34:44,0,309,2005-05-30 05:50:44,1,2006-02-15 21:30:53
722,724,2005-05-29 05:53:23,0,416,2005-06-05 04:01:23,2,2006-02-15 21:30:53
723,725,2005-05-29 06:03:41,0,245,2005-06-03 08:52:41,2,2006-02-15 21:30:53
724,726,2005-05-29 06:05:29,933,452,2005-06-05 04:40:29,2,2006-02-15 21:30:53
725,727,2005-05-29 06:08:15,0,484,2005-05-30 07:16:15,1,2006-02-15 21:30:53
726,728,2005-05-29 06:12:38,242,551,2005-06-03 07:41:38,1,2006-02-15 21:30:53
727,729,2005-05-29 06:35:13,0,323,2005-06-04 03:23:13,2,2006-02-15 21:30:53
728,730,2005-05-29 07:00:59,0,197,2005-06-06 01:17:59,1,2006-02-15 21:30:53
729,731,2005-05-29 07:25:16,0,5,2005-05-30 05:21:16,1,2006-02-15 21:30:53
730,732,2005-05-29 07:32:51,0,447,2005-05-30 10:08:51,2,2006-02-15 21:30:53
731,733,2005-05-29 07:35:21,0,363,2005-06-05 09:14:21,1,2006-02-15 21:30:53
732,734,2005-05-29 07:38:52,0,538,2005-06-03 10:17:52,2,2006-02-15 21:30:53
733,735,2005-05-29 08:08:13,0,454,2005-06-07 13:35:13,1,2006-02-15 21:30:53
734,736,2005-05-29 08:10:07,0,276,2005-06-05 10:21:07,2,2006-02-15 21:30:53
735,737,2005-05-29 08:11:31,769,589,2005-06-04 11:18:31,2,2006-02-15 21:30:53
736,738,2005-05-29 08:20:08,0,256,2005-06-06 08:59:08,2,2006-02-15 21:30:53
737,739,2005-05-29 08:28:18,0,84,2005-06-06 09:21:18,2,2006-02-15 21:30:53
738,740,2005-05-29 08:30:36,600,89,2005-06-04 12:47:36,2,2006-02-15 21:30:53
739,741,2005-05-29 08:35:49,0,495,2005-06-04 11:55:49,1,2006-02-15 21:30:53
740,742,2005-05-29 08:36:30,273,483,2005-06-05 11:30:30,1,2006-02-15 21:30:53
741,743,2005-05-29 08:39:02,0,548,2005-06-06 08:42:02,2,2006-02-15 21:30:53
742,744,2005-05-29 09:13:08,0,420,2005-06-01 07:05:08,2,2006-02-15 21:30:53
743,745,2005-05-29 09:22:57,581,152,2005-06-01 09:10:57,1,2006-02-15 21:30:53
744,746,2005-05-29 09:25:10,0,130,2005-06-02 04:20:10,2,2006-02-15 21:30:53
745,747,2005-05-29 09:26:34,0,291,2005-06-05 07:28:34,1,2006-02-15 21:30:53
746,748,2005-05-29 09:27:00,0,7,2005-06-03 04:25:00,1,2006-02-15 21:30:53
747,749,2005-05-29 09:33:33,0,375,2005-05-31 11:45:33,2,2006-02-15 21:30:53
748,750,2005-05-29 09:41:40,730,269,2005-05-30 13:31:40,1,2006-02-15 21:30:53
749,751,2005-05-29 09:55:43,0,53,2005-06-02 04:54:43,1,2006-02-15 21:30:53
750,752,2005-05-29 10:14:15,0,126,2005-06-04 06:30:15,1,2006-02-15 21:30:53
751,753,2005-05-29 10:16:42,0,135,2005-06-05 08:52:42,2,2006-02-15 21:30:53
752,754,2005-05-29 10:18:59,734,281,2005-06-04 05:03:59,2,2006-02-15 21:30:53
753,755,2005-05-29 10:26:29,0,576,2005-06-01 10:25:29,2,2006-02-15 21:30:53
754,756,2005-05-29 10:28:45,0,201,2005-06-04 12:50:45,1,2006-02-15 21:30:53
755,757,2005-05-29 10:29:47,0,435,2005-06-07 15:27:47,1,2006-02-15 21:30:53
756,758,2005-05-29 10:31:56,0,563,2005-06-01 14:53:56,2,2006-02-15 21:30:53
757,759,2005-05-29 10:57:57,0,179,2005-06-07 16:23:57,2,2006-02-15 21:30:53
758,760,2005-05-29 11:07:25,0,77,2005-06-02 14:16:25,1,2006-02-15 21:30:53
759,761,2005-05-29 11:09:01,0,58,2005-06-03 16:18:01,2,2006-02-15 21:30:53
760,762,2005-05-29 11:15:51,0,146,2005-06-06 07:48:51,1,2006-02-15 21:30:53
761,763,2005-05-29 11:32:15,0,50,2005-05-31 17:31:15,1,2006-02-15 21:30:53
762,764,2005-05-29 11:37:35,0,149,2005-05-31 16:47:35,1,2006-02-15 21:30:53
763,765,2005-05-29 11:38:34,515,69,2005-06-02 17:04:34,1,2006-02-15 21:30:53
764,766,2005-05-29 11:47:02,0,383,2005-06-06 07:14:02,1,2006-02-15 21:30:53
765,767,2005-05-29 12:20:19,687,67,2005-06-02 14:15:19,2,2006-02-15 21:30:53
766,768,2005-05-29 12:30:46,0,566,2005-06-07 09:00:46,2,2006-02-15 21:30:53
767,769,2005-05-29 12:51:44,0,575,2005-06-01 17:43:44,1,2006-02-15 21:30:53
768,770,2005-05-29 12:56:50,0,405,2005-06-07 15:54:50,2,2006-02-15 21:30:53
769,771,2005-05-29 12:59:14,353,476,2005-06-01 16:05:14,2,2006-02-15 21:30:53
770,772,2005-05-29 13:08:06,0,556,2005-06-06 08:19:06,1,2006-02-15 21:30:53
771,773,2005-05-29 13:18:05,245,563,2005-06-07 17:22:05,1,2006-02-15 21:30:53
772,774,2005-05-29 13:19:43,0,575,2005-06-01 18:51:43,1,2006-02-15 21:30:53
773,775,2005-05-29 13:23:26,0,124,2005-05-30 07:53:26,2,2006-02-15 21:30:53
774,776,2005-05-29 13:35:35,0,113,2005-06-03 17:33:35,1,2006-02-15 21:30:53
775,777,2005-05-29 14:07:58,451,360,2005-06-03 08:41:58,2,2006-02-15 21:30:53
776,778,2005-05-29 14:09:53,0,535,2005-06-05 20:05:53,1,2006-02-15 21:30:53
777,779,2005-05-29 14:17:17,533,105,2005-06-06 16:46:17,1,2006-02-15 21:30:53
778,780,2005-05-29 14:18:32,0,300,2005-06-06 20:14:32,1,2006-02-15 21:30:53
779,781,2005-05-29 14:23:58,88,313,2005-05-30 17:44:58,1,2006-02-15 21:30:53
780,782,2005-05-29 14:38:57,0,596,2005-06-02 13:18:57,2,2006-02-15 21:30:53
781,783,2005-05-29 14:41:18,0,53,2005-06-06 10:39:18,2,2006-02-15 21:30:53
782,784,2005-05-29 14:44:22,0,352,2005-06-01 17:28:22,2,2006-02-15 21:30:53
783,785,2005-05-29 15:08:41,39,72,2005-05-30 15:51:41,1,2006-02-15 21:30:53
784,786,2005-05-29 15:17:28,0,439,2005-06-07 10:07:28,2,2006-02-15 21:30:53
785,787,2005-05-29 16:03:03,0,27,2005-06-07 11:07:03,2,2006-02-15 21:30:53
786,788,2005-05-29 16:13:55,763,562,2005-05-31 16:40:55,1,2006-02-15 21:30:53
787,789,2005-05-29 16:17:07,708,553,2005-06-06 18:15:07,1,2006-02-15 21:30:53
788,790,2005-05-29 16:19:29,0,593,2005-06-02 17:22:29,2,2006-02-15 21:30:53
789,791,2005-05-29 16:30:42,0,284,2005-06-01 19:11:42,1,2006-02-15 21:30:53
790,792,2005-05-29 16:32:10,0,261,2005-05-31 18:01:10,1,2006-02-15 21:30:53
791,793,2005-05-29 16:44:08,379,528,2005-06-06 19:21:08,2,2006-02-15 21:30:53
792,794,2005-05-29 16:44:11,0,50,2005-06-05 16:11:11,1,2006-02-15 21:30:53
793,795,2005-05-29 16:57:39,609,551,2005-06-01 11:33:39,2,2006-02-15 21:30:53
794,796,2005-05-29 16:59:44,0,26,2005-06-03 16:22:44,2,2006-02-15 21:30:53
795,797,2005-05-29 17:12:17,0,244,2005-06-03 16:06:17,1,2006-02-15 21:30:53
796,798,2005-05-29 17:23:43,0,134,2005-06-01 13:06:43,2,2006-02-15 21:30:53
797,799,2005-05-29 17:24:48,0,429,2005-06-05 12:25:48,1,2006-02-15 21:30:53
798,800,2005-05-29 17:28:12,441,472,2005-05-30 14:59:12,1,2006-02-15 21:30:53
799,801,2005-05-29 17:35:50,0,402,2005-06-04 17:05:50,2,2006-02-15 21:30:53
800,802,2005-05-29 17:38:59,785,350,2005-05-31 22:42:59,2,2006-02-15 21:30:53
801,803,2005-05-29 17:52:30,0,32,2005-05-30 14:35:30,2,2006-02-15 21:30:53
802,804,2005-05-29 18:10:24,0,171,2005-06-06 22:53:24,1,2006-02-15 21:30:53
803,805,2005-05-29 18:18:18,0,232,2005-06-07 15:11:18,2,2006-02-15 21:30:53
804,806,2005-05-29 18:31:30,0,435,2005-05-31 00:18:30,2,2006-02-15 21:30:53
805,807,2005-05-29 18:50:50,0,235,2005-06-03 18:36:50,2,2006-02-15 21:30:53
806,808,2005-05-29 19:08:20,0,104,2005-06-06 20:32:20,2,2006-02-15 21:30:53
807,809,2005-05-29 19:10:20,0,222,2005-06-05 19:05:20,2,2006-02-15 21:30:53
808,810,2005-05-29 19:12:04,0,346,2005-06-04 21:12:04,2,2006-02-15 21:30:53
809,811,2005-05-29 19:30:42,0,401,2005-06-02 16:19:42,2,2006-02-15 21:30:53
810,812,2005-05-29 20:00:30,0,225,2005-05-30 19:43:30,2,2006-02-15 21:30:53
811,813,2005-05-29 20:14:34,0,344,2005-06-05 20:56:34,1,2006-02-15 21:30:53
812,814,2005-05-29 20:16:12,0,134,2005-06-07 17:47:12,1,2006-02-15 21:30:53
813,815,2005-05-29 20:24:28,0,14,2005-06-03 15:32:28,1,2006-02-15 21:30:53
814,816,2005-05-29 20:26:39,630,474,2005-06-06 22:31:39,2,2006-02-15 21:30:53
815,817,2005-05-29 20:39:14,186,554,2005-05-31 18:24:14,1,2006-02-15 21:30:53
816,818,2005-05-29 20:47:53,0,321,2005-06-02 23:18:53,2,2006-02-15 21:30:53
817,819,2005-05-29 21:00:32,623,511,2005-06-02 15:15:32,2,2006-02-15 21:30:53
818,820,2005-05-29 21:07:22,0,22,2005-06-07 00:22:22,2,2006-02-15 21:30:53
819,821,2005-05-29 21:31:12,0,348,2005-06-04 22:49:12,1,2006-02-15 21:30:53
820,822,2005-05-29 21:36:00,0,480,2005-06-07 17:24:00,1,2006-02-15 21:30:53
821,823,2005-05-29 21:39:37,0,441,2005-05-30 22:06:37,1,2006-02-15 21:30:53
822,824,2005-05-29 21:45:32,0,357,2005-05-31 19:01:32,1,2006-02-15 21:30:53
823,825,2005-05-29 21:49:41,712,371,2005-06-04 20:27:41,2,2006-02-15 21:30:53
824,826,2005-05-29 21:56:15,0,207,2005-06-08 03:18:15,1,2006-02-15 21:30:53
825,827,2005-05-29 21:58:43,62,573,2005-06-06 00:54:43,1,2006-02-15 21:30:53
826,828,2005-05-29 22:14:55,0,217,2005-05-30 17:22:55,1,2006-02-15 21:30:53
827,829,2005-05-29 22:16:42,0,371,2005-06-06 01:38:42,1,2006-02-15 21:30:53
828,830,2005-05-29 22:43:55,0,3,2005-06-01 17:43:55,1,2006-02-15 21:30:53
829,831,2005-05-29 22:50:25,0,509,2005-06-06 02:27:25,1,2006-02-15 21:30:53
830,832,2005-05-29 22:51:20,0,159,2005-06-07 17:37:20,2,2006-02-15 21:30:53
831,833,2005-05-29 23:21:56,0,417,2005-06-02 18:40:56,1,2006-02-15 21:30:53
832,834,2005-05-29 23:24:30,0,84,2005-05-30 22:00:30,2,2006-02-15 21:30:53
833,835,2005-05-29 23:37:00,299,381,2005-06-02 23:38:00,1,2006-02-15 21:30:53
834,836,2005-05-29 23:56:42,0,368,2005-05-31 04:11:42,2,2006-02-15 21:30:53
835,837,2005-05-30 00:02:08,977,172,2005-06-02 05:31:08,2,2006-02-15 21:30:53
836,838,2005-05-30 00:27:57,0,504,2005-06-06 22:19:57,2,2006-02-15 21:30:53
837,839,2005-05-30 00:28:12,0,337,2005-06-08 02:43:12,1,2006-02-15 21:30:53
838,840,2005-05-30 00:28:41,0,79,2005-05-31 20:39:41,2,2006-02-15 21:30:53
839,841,2005-05-30 00:31:17,0,387,2005-06-02 19:14:17,1,2006-02-15 21:30:53
840,842,2005-05-30 00:32:04,0,238,2005-06-01 02:21:04,1,2006-02-15 21:30:53
841,843,2005-05-30 00:44:24,0,313,2005-05-31 00:58:24,2,2006-02-15 21:30:53
842,844,2005-05-30 00:58:20,536,429,2005-06-01 00:38:20,1,2006-02-15 21:30:53
843,845,2005-05-30 01:17:25,0,72,2005-06-07 02:00:25,1,2006-02-15 21:30:53
844,846,2005-05-30 01:17:45,938,49,2005-06-01 00:56:45,2,2006-02-15 21:30:53
845,847,2005-05-30 01:18:15,0,380,2005-06-06 20:20:15,2,2006-02-15 21:30:53
846,848,2005-05-30 01:19:53,0,436,2005-06-05 23:40:53,1,2006-02-15 21:30:53
847,849,2005-05-30 01:23:07,0,449,2005-06-07 01:50:07,1,2006-02-15 21:30:53
848,850,2005-05-30 01:35:12,0,517,2005-05-31 01:51:12,1,2006-02-15 21:30:53
849,851,2005-05-30 01:35:15,0,530,2005-06-06 07:27:15,1,2006-02-15 21:30:53
850,852,2005-05-30 01:36:57,0,549,2005-06-01 22:44:57,1,2006-02-15 21:30:53
851,853,2005-05-30 01:43:31,0,122,2005-06-01 02:05:31,1,2006-02-15 21:30:53
852,854,2005-05-30 01:56:11,921,369,2005-06-01 06:34:11,2,2006-02-15 21:30:53
853,855,2005-05-30 02:00:28,0,406,2005-06-03 20:16:28,2,2006-02-15 21:30:53
854,856,2005-05-30 02:01:21,0,53,2005-06-07 03:25:21,1,2006-02-15 21:30:53
855,857,2005-05-30 02:01:23,0,204,2005-06-02 06:07:23,2,2006-02-15 21:30:53
856,858,2005-05-30 02:10:32,0,358,2005-06-01 04:42:32,1,2006-02-15 21:30:53
857,859,2005-05-30 02:36:20,0,79,2005-06-02 07:49:20,2,2006-02-15 21:30:53
858,860,2005-05-30 02:45:16,578,276,2005-06-08 07:28:16,1,2006-02-15 21:30:53
859,861,2005-05-30 02:48:32,0,502,2005-06-06 05:43:32,1,2006-02-15 21:30:53
860,862,2005-05-30 03:09:11,0,328,2005-06-03 21:27:11,1,2006-02-15 21:30:53
861,863,2005-05-30 03:14:59,0,379,2005-06-05 04:34:59,2,2006-02-15 21:30:53
862,864,2005-05-30 03:27:17,0,544,2005-06-06 08:28:17,1,2006-02-15 21:30:53
863,865,2005-05-30 03:39:44,0,154,2005-06-07 08:10:44,2,2006-02-15 21:30:53
864,866,2005-05-30 03:43:54,0,8,2005-06-08 04:28:54,1,2006-02-15 21:30:53
865,867,2005-05-30 03:54:43,0,99,2005-06-01 22:59:43,1,2006-02-15 21:30:53
866,868,2005-05-30 04:19:55,0,28,2005-05-31 02:28:55,1,2006-02-15 21:30:53
867,869,2005-05-30 04:22:06,0,296,2005-06-03 09:18:06,2,2006-02-15 21:30:53
868,870,2005-05-30 04:25:47,0,391,2005-06-06 04:32:47,1,2006-02-15 21:30:53
869,871,2005-05-30 05:01:30,0,303,2005-06-04 06:22:30,2,2006-02-15 21:30:53
870,872,2005-05-30 05:03:04,0,548,2005-06-06 10:35:04,1,2006-02-15 21:30:53
871,873,2005-05-30 05:15:20,0,375,2005-06-07 00:49:20,2,2006-02-15 21:30:53
872,874,2005-05-30 05:36:21,363,52,2005-06-01 09:32:21,1,2006-02-15 21:30:53
873,875,2005-05-30 05:38:24,0,326,2005-06-06 00:34:24,2,2006-02-15 21:30:53
874,876,2005-05-30 05:41:22,0,339,2005-06-07 09:06:22,2,2006-02-15 21:30:53
875,877,2005-05-30 05:48:59,886,9,2005-06-02 09:30:59,1,2006-02-15 21:30:53
876,878,2005-05-30 05:49:13,0,323,2005-06-07 04:35:13,1,2006-02-15 21:30:53
877,879,2005-05-30 05:49:42,0,482,2005-06-05 01:45:42,2,2006-02-15 21:30:53
878,880,2005-05-30 06:12:33,0,460,2005-06-02 04:35:33,2,2006-02-15 21:30:53
879,881,2005-05-30 06:15:36,602,242,2005-06-02 10:21:36,1,2006-02-15 21:30:53
880,882,2005-05-30 06:16:06,0,477,2005-06-02 11:57:06,1,2006-02-15 21:30:53
881,883,2005-05-30 06:21:05,0,399,2005-06-07 04:50:05,2,2006-02-15 21:30:53
882,884,2005-05-30 06:41:32,0,17,2005-05-31 07:39:32,1,2006-02-15 21:30:53
883,885,2005-05-30 06:54:28,646,62,2005-06-03 07:03:28,2,2006-02-15 21:30:53
884,886,2005-05-30 06:54:51,0,393,2005-06-01 06:04:51,2,2006-02-15 21:30:53
885,887,2005-05-30 07:10:00,0,16,2005-06-01 06:48:00,2,2006-02-15 21:30:53
886,888,2005-05-30 07:13:14,387,128,2005-06-06 09:50:14,1,2006-02-15 21:30:53
887,889,2005-05-30 07:14:53,0,114,2005-05-31 07:56:53,2,2006-02-15 21:30:53
888,890,2005-05-30 07:43:04,0,349,2005-06-01 11:26:04,1,2006-02-15 21:30:53
889,891,2005-05-30 07:43:12,0,391,2005-06-08 09:21:12,1,2006-02-15 21:30:53
890,892,2005-05-30 08:02:56,471,274,2005-06-05 12:51:56,1,2006-02-15 21:30:53
891,893,2005-05-30 08:06:59,0,502,2005-06-07 08:23:59,2,2006-02-15 21:30:53
892,894,2005-05-30 08:31:31,0,400,2005-06-07 12:39:31,1,2006-02-15 21:30:53
893,895,2005-05-30 08:50:43,0,192,2005-06-05 10:58:43,1,2006-02-15 21:30:53
894,896,2005-05-30 09:03:52,0,207,2005-06-05 07:37:52,2,2006-02-15 21:30:53
895,897,2005-05-30 09:10:01,0,432,2005-06-08 03:43:01,1,2006-02-15 21:30:53
896,898,2005-05-30 09:26:19,0,384,2005-06-01 10:45:19,2,2006-02-15 21:30:53
897,899,2005-05-30 09:29:30,0,156,2005-06-06 12:39:30,2,2006-02-15 21:30:53
898,900,2005-05-30 09:38:41,0,586,2005-06-07 11:54:41,1,2006-02-15 21:30:53
899,901,2005-05-30 09:40:40,760,259,2005-06-02 10:32:40,1,2006-02-15 21:30:53
900,902,2005-05-30 09:53:36,0,561,2005-06-07 12:10:36,1,2006-02-15 21:30:53
901,903,2005-05-30 10:11:29,0,197,2005-06-03 09:33:29,1,2006-02-15 21:30:53
902,904,2005-05-30 10:19:42,0,44,2005-06-05 04:58:42,2,2006-02-15 21:30:53
903,905,2005-05-30 10:25:00,0,50,2005-06-06 06:23:00,1,2006-02-15 21:30:53
904,906,2005-05-30 10:30:38,0,549,2005-06-07 06:44:38,2,2006-02-15 21:30:53
905,907,2005-05-30 10:37:27,0,506,2005-06-02 09:51:27,1,2006-02-15 21:30:53
906,908,2005-05-30 10:38:37,0,85,2005-06-03 09:56:37,1,2006-02-15 21:30:53
907,909,2005-05-30 10:43:38,0,486,2005-06-08 12:07:38,1,2006-02-15 21:30:53
908,910,2005-05-30 10:46:16,0,374,2005-06-04 13:32:16,1,2006-02-15 21:30:53
909,911,2005-05-30 10:50:22,0,366,2005-06-07 12:26:22,2,2006-02-15 21:30:53
910,912,2005-05-30 10:58:33,0,390,2005-05-31 09:31:33,2,2006-02-15 21:30:53
911,913,2005-05-30 11:04:58,0,369,2005-06-07 13:22:58,2,2006-02-15 21:30:53
912,914,2005-05-30 11:06:00,0,596,2005-06-04 06:07:00,2,2006-02-15 21:30:53
913,915,2005-05-30 11:20:27,0,115,2005-06-02 11:55:27,1,2006-02-15 21:30:53
914,916,2005-05-30 11:25:01,0,6,2005-05-31 09:06:01,1,2006-02-15 21:30:53
915,917,2005-05-30 11:27:06,0,385,2005-06-02 08:31:06,1,2006-02-15 21:30:53
916,918,2005-05-30 11:32:24,818,197,2005-05-31 07:55:24,2,2006-02-15 21:30:53
917,919,2005-05-30 11:35:06,0,374,2005-06-02 13:16:06,2,2006-02-15 21:30:53
918,920,2005-05-30 11:44:01,0,584,2005-06-02 08:19:01,2,2006-02-15 21:30:53
919,921,2005-05-30 11:53:09,0,508,2005-06-03 10:00:09,2,2006-02-15 21:30:53
920,922,2005-05-30 11:55:55,0,550,2005-06-08 10:12:55,2,2006-02-15 21:30:53
921,923,2005-05-30 11:58:50,0,37,2005-06-05 09:57:50,1,2006-02-15 21:30:53
922,924,2005-05-30 12:10:59,0,293,2005-06-04 17:28:59,1,2006-02-15 21:30:53
923,925,2005-05-30 12:13:52,0,137,2005-06-02 14:41:52,2,2006-02-15 21:30:53
924,926,2005-05-30 12:15:54,0,76,2005-06-01 08:53:54,2,2006-02-15 21:30:53
925,927,2005-05-30 12:16:40,0,167,2005-05-31 16:20:40,2,2006-02-15 21:30:53
926,928,2005-05-30 12:27:14,246,79,2005-06-05 13:56:14,2,2006-02-15 21:30:53
927,929,2005-05-30 12:32:39,0,536,2005-06-06 12:17:39,1,2006-02-15 21:30:53
928,930,2005-05-30 12:44:57,0,141,2005-06-04 10:53:57,2,2006-02-15 21:30:53
929,931,2005-05-30 12:53:01,0,421,2005-05-31 14:28:01,1,2006-02-15 21:30:53
930,932,2005-05-30 12:55:36,719,198,2005-05-31 10:30:36,2,2006-02-15 21:30:53
931,933,2005-05-30 13:08:45,0,66,2005-06-01 18:56:45,1,2006-02-15 21:30:53
932,934,2005-05-30 13:24:46,0,60,2005-06-08 16:44:46,2,2006-02-15 21:30:53
933,935,2005-05-30 13:29:36,0,256,2005-06-02 11:08:36,1,2006-02-15 21:30:53
934,936,2005-05-30 13:52:49,901,469,2005-06-07 16:56:49,1,2006-02-15 21:30:53
935,937,2005-05-30 14:47:31,0,304,2005-06-05 09:53:31,2,2006-02-15 21:30:53
936,938,2005-05-30 14:47:31,0,46,2005-06-04 10:10:31,2,2006-02-15 21:30:53
937,939,2005-05-30 14:49:34,0,367,2005-06-01 19:00:34,1,2006-02-15 21:30:53
938,940,2005-05-30 15:01:02,0,534,2005-06-01 18:26:02,1,2006-02-15 21:30:53
939,941,2005-05-30 15:02:25,0,562,2005-06-01 17:19:25,1,2006-02-15 21:30:53
940,942,2005-05-30 15:05:47,0,473,2005-06-08 15:59:47,2,2006-02-15 21:30:53
941,943,2005-05-30 15:20:19,0,57,2005-06-06 18:53:19,1,2006-02-15 21:30:53
942,944,2005-05-30 15:26:24,151,131,2005-06-07 18:09:24,2,2006-02-15 21:30:53
943,945,2005-05-30 15:33:17,0,357,2005-06-02 15:02:17,2,2006-02-15 21:30:53
944,946,2005-05-30 15:35:08,0,486,2005-06-08 11:38:08,1,2006-02-15 21:30:53
945,947,2005-05-30 15:36:57,0,62,2005-06-04 18:48:57,1,2006-02-15 21:30:53
946,948,2005-05-30 15:44:27,585,245,2005-06-08 17:30:27,2,2006-02-15 21:30:53
947,949,2005-05-30 15:50:39,0,368,2005-06-03 14:25:39,1,2006-02-15 21:30:53
948,950,2005-05-30 16:06:08,491,83,2005-06-01 11:43:08,1,2006-02-15 21:30:53
949,951,2005-05-30 16:10:35,0,59,2005-05-31 19:01:35,2,2006-02-15 21:30:53
950,952,2005-05-30 16:28:07,0,311,2005-06-02 16:12:07,2,2006-02-15 21:30:53
951,953,2005-05-30 16:34:02,0,210,2005-05-31 20:34:02,1,2006-02-15 21:30:53
952,954,2005-05-30 16:57:29,0,297,2005-06-08 13:30:29,2,2006-02-15 21:30:53
953,955,2005-05-30 16:59:03,0,301,2005-05-31 11:58:03,2,2006-02-15 21:30:53
954,956,2005-05-30 17:30:28,647,296,2005-06-07 13:54:28,2,2006-02-15 21:30:53
955,957,2005-05-30 17:53:29,0,440,2005-06-03 15:31:29,2,2006-02-15 21:30:53
956,958,2005-05-30 17:58:03,548,186,2005-06-01 19:17:03,2,2006-02-15 21:30:53
957,959,2005-05-30 18:07:00,0,535,2005-06-02 14:37:00,2,2006-02-15 21:30:53
958,960,2005-05-30 18:13:23,0,445,2005-06-04 00:12:23,2,2006-02-15 21:30:53
959,961,2005-05-30 18:16:44,0,588,2005-06-04 23:40:44,2,2006-02-15 21:30:53
960,962,2005-05-30 18:45:17,0,520,2005-06-05 22:47:17,1,2006-02-15 21:30:53
961,963,2005-05-30 18:52:53,0,225,2005-06-07 16:19:53,2,2006-02-15 21:30:53
962,964,2005-05-30 18:53:21,657,287,2005-06-04 22:32:21,2,2006-02-15 21:30:53
963,965,2005-05-30 19:00:14,0,502,2005-05-31 17:10:14,2,2006-02-15 21:30:53
964,966,2005-05-30 19:00:37,0,496,2005-05-31 23:51:37,1,2006-02-15 21:30:53
965,967,2005-05-30 19:12:06,0,330,2005-06-09 00:02:06,2,2006-02-15 21:30:53
966,968,2005-05-30 19:20:03,119,576,2005-05-31 18:17:03,2,2006-02-15 21:30:53
967,969,2005-05-30 19:23:48,443,551,2005-05-31 21:14:48,1,2006-02-15 21:30:53
968,970,2005-05-30 19:50:28,0,307,2005-06-09 01:19:28,1,2006-02-15 21:30:53
969,971,2005-05-30 20:10:52,0,561,2005-06-06 20:47:52,1,2006-02-15 21:30:53
970,972,2005-05-30 20:21:07,2,411,2005-06-06 00:36:07,1,2006-02-15 21:30:53
971,973,2005-05-30 20:27:45,0,473,2005-06-08 22:47:45,2,2006-02-15 21:30:53
972,974,2005-05-30 20:28:42,0,596,2005-06-08 23:45:42,2,2006-02-15 21:30:53
973,975,2005-05-30 21:07:15,0,7,2005-06-03 01:48:15,2,2006-02-15 21:30:53
974,976,2005-05-30 21:11:19,0,581,2005-06-06 02:16:19,2,2006-02-15 21:30:53
975,977,2005-05-30 21:22:26,0,394,2005-06-04 22:32:26,2,2006-02-15 21:30:53
976,978,2005-05-30 21:30:52,407,154,2005-06-07 16:22:52,1,2006-02-15 21:30:53
977,979,2005-05-30 21:37:11,0,279,2005-06-08 00:24:11,2,2006-02-15 21:30:53
978,980,2005-05-30 21:45:19,0,273,2005-06-01 20:32:19,1,2006-02-15 21:30:53
979,981,2005-05-30 21:52:42,0,326,2005-06-01 03:15:42,2,2006-02-15 21:30:53
980,982,2005-05-30 22:15:24,0,524,2005-06-02 16:18:24,1,2006-02-15 21:30:53
981,983,2005-05-30 22:15:51,63,115,2005-06-02 22:56:51,1,2006-02-15 21:30:53
982,984,2005-05-30 22:17:17,0,262,2005-06-01 20:15:17,2,2006-02-15 21:30:53
983,985,2005-05-30 22:18:35,0,564,2005-06-04 23:36:35,1,2006-02-15 21:30:53
984,986,2005-05-30 22:22:52,0,253,2005-06-01 02:24:52,1,2006-02-15 21:30:53
985,987,2005-05-30 22:59:12,390,11,2005-06-07 20:56:12,1,2006-02-15 21:30:53
986,988,2005-05-30 23:08:03,0,12,2005-06-07 00:22:03,1,2006-02-15 21:30:53
987,989,2005-05-30 23:11:51,0,83,2005-06-03 20:36:51,2,2006-02-15 21:30:53
988,990,2005-05-30 23:25:14,0,311,2005-06-06 18:41:14,2,2006-02-15 21:30:53
989,991,2005-05-30 23:29:22,0,593,2005-06-07 23:16:22,1,2006-02-15 21:30:53
990,992,2005-05-30 23:47:56,0,123,2005-06-05 19:01:56,1,2006-02-15 21:30:53
991,993,2005-05-30 23:54:19,0,513,2005-06-04 21:27:19,1,2006-02-15 21:30:53
992,994,2005-05-30 23:55:36,0,472,2005-06-04 01:00:36,2,2006-02-15 21:30:53
993,995,2005-05-31 00:06:02,17,150,2005-06-06 02:30:02,2,2006-02-15 21:30:53
994,996,2005-05-31 00:06:20,0,331,2005-05-31 21:29:20,2,2006-02-15 21:30:53
995,997,2005-05-31 00:08:25,0,216,2005-06-02 00:17:25,2,2006-02-15 21:30:53
996,998,2005-05-31 00:16:57,0,389,2005-06-01 22:41:57,1,2006-02-15 21:30:53
997,999,2005-05-31 00:25:10,0,413,2005-06-03 06:05:10,2,2006-02-15 21:30:53
998,1000,2005-05-31 00:25:56,0,332,2005-06-08 19:42:56,2,2006-02-15 21:30:53
999,1001,2005-05-31 00:46:31,0,64,2005-06-06 06:14:31,2,2006-02-15 21:30:53
